ID,Language_ID,Headword,Part_Of_Speech
1-mapoqui,Amahuaca,mápoquí,(adv.)
2-naman,Amahuaca,-náman,(adv.)
3-puunpuunquin,Amahuaca,púun-púunquin,(vt.)
4-payati,Amahuaca,páyatí,(nm.)
5-mano,Amahuaca,máno,(nf.)
6-shara,Amahuaca,shára,(nf.)
7-vacon,Amahuaca,vácon,(nf.)
8-mamon,Amahuaca,mámon,(rm.)
9-puxvaa,Amahuaca,púxvaa,(nf.)
10-vayoquin,Amahuaca,vayóquín,(vt.)
11-hicooquin,Amahuaca,hicooquín,(vt.)
12-vupunquin,Amahuaca,vúpunquín,(vt.)
13-vuxnaquin,Amahuaca,vúxnaquín,(vt.)
14-chipuxuhuhi,Amahuaca,chípuxúhuhi,(vi.)
15-puxuuhi,Amahuaca,púxuuhí,(vi.)
16-tovaahi,Amahuaca,tóvaahí,(vi.)
17-haxuni,Amahuaca,-haxúni,(nf.)
18-paxuni,Amahuaca,-paxúni,(nm.)
19-xota,Amahuaca,xóta,(nm.)
20-jatzanamuhi,Amahuaca,játzanámuhi,(vi.)
21-nuri,Amahuaca,núri,(adv.)
22-harohtiquin,Amahuaca,haróhtiquin,(vt.)
23-quiyooquin,Amahuaca,quíyoo quín,(vt.)
24-zununquin,Amahuaca,zúnunquín,(vt.)
25-himaquin,Amahuaca,hímaquín,(vt.)
26-vinpanquin,Amahuaca,vinpánquin,(vt.)
27-xuni,Amahuaca,xuní,(nm.)
28-xotoquin,Amahuaca,xótoquín,(vt.)
29-cacha,Amahuaca,cachá,(adj.)
30-jaquinquin,Amahuaca,jaquínquin,(vt.)
31-cuzhi,Amahuaca,cúzhi,(vi.)
32-racaahi,Amahuaca,rácaahí,(vi.)
33-vuyahi,Amahuaca,vúyahí,(vi.)
34-chanicahanquin,Amahuaca,chánicáhanquín,(vt.)
35-chaniiquin,Amahuaca, chániiquín,(vt.)
36-maxu,Amahuaca,máxu,(nm.)
37-ruzocahinhi,Amahuaca,rúzocáhinhí,(vi.)
38-hoxahi,Amahuaca,hóxahí,(vi.)
39-mizinhi,Amahuaca,mízinhí,(vi.)
40-nazquiquin,Amahuaca,názquiquín,(vt.)
41-ruxo,Amahuaca,rúxo,(nm.)
42-shinoxuta,Amahuaca,shínoxú ta,(nm.)
43-cunoquin,Amahuaca,cúnoquín,(vt.)
44-xushquiquin,Amahuaca,xúshqui quín,(vt.)
45-cunoti,Amahuaca,cúnotí,(nf.)
46-cunoafrechormxupo,Amahuaca,cunóafrecho (rm) xúpo,(adj.)
47-jumannaqui,Amahuaca,júmannáqui,(adv.)
48-cacohi,Amahuaca,cácohí,(vi.)
49-tupico,Amahuaca,túpico,(nf.)
50-hachiquin,Amahuaca,háchiquín,(vt.)
51-tovunquin,Amahuaca,tóvunquín,(vt.)
52-vuchonhi,Amahuaca,vúchonhí,(vt.)
53-tziztocohohi,Amahuaca,tzíztocóhohi,(vi.)
54-zutuuhi,Amahuaca,zútuuhí,(vi.)
55-junu,Amahuaca,junú,(nf.)
56-vaconhma,Amahuaca,vacónhma,(nf.)
57-hovinuvan,Amahuaca,hóvi núvan,(nf.)
58-cunchaa,Amahuaca,cúnchaa,(nm.)
59-chiyux,Amahuaca,chíyux,(nm.)
60-tutupaha,Amahuaca,tútupáha,(nf.)
61-dijomox,Amahuaca,(DI) jómox,(nf.)
62-dsxomox,Amahuaca,(DS) xómox,(nf.)
63-putzputzni,Amahuaca,putz-pútzni,(adj.)
64-chaxquin,Amahuaca,-cháxquin,(vt.)
65-pochaxquin,Amahuaca,pocháx quin,
66-machaxquin,Amahuaca,macháx quin,
67-tanchaxquin,Amahuaca,tancháx quin,
68-tuchaxquin,Amahuaca,tucháx quin,
69-janchaxquin,Amahuaca,jancháx quin,
70-muchaxquin,Amahuaca,mucháx quin,
71-vichaxquin,Amahuaca,vicháx quin,
72-shishi,Amahuaca,shíshi,(n.)
73-junumuranhi,Amahuaca,júnumúranhi,(vi.)
74-canon,Amahuaca,canón,(adv.)
75-rama,Amahuaca,ráma,(adv.)
76-nanuquin,Amahuaca,nánuquín,(vt.)
77-zinaahqui,Amahuaca,zinááhqui,(vi.)
78-matziajirmyochi,Amahuaca,matzíají (rm) yochí,(nm.)
79-cataxquin,Amahuaca,cátaxquín,(vt.)
80-puhialacranmnivo,Amahuaca,púhialacrán (m) nívo,(nf.)
81-mahotati,Amahuaca,máhotatí,(nm.)
82-chivanvoquin,Amahuaca,chívanvóquin,(vt.)
83-jasharaahi,Amahuaca,jásharááhi,(vi.)
84-cashpi,Amahuaca,cashpí,(nf.)
85-vuma,Amahuaca,vumá,(nf.)
86-hitzon,Amahuaca,hítzon,(nm.)
87-xapo,Amahuaca,xapó,(nm.)
88-tuxu,Amahuaca,túxu,(adj.)
89-tayanquin,Amahuaca,tayánquin,(vt.)
90-chanpish,Amahuaca,chanpísh,(nf.)
91-haco,Amahuaca,háco,(nm.)
92-vopiti,Amahuaca,vópiti,(nf.)
93-chaii,Amahuaca,chaíí,(adj.)
94-jotaquin,Amahuaca,jótaquín,(vt.)
95-juruuquin,Amahuaca,jurúú quin,(vt.)
96-vacuquin,Amahuaca,vácuquín,(vt.)
97-zananquin,Amahuaca,zánanquín,(vt.)
98-hono,Amahuaca,honó,(adv.)
99-hova,Amahuaca,hóva,(adv.)
100-jano,Amahuaca,jáno,(adv.)
101-jari,Amahuaca,-jári,(adv.)
102-janunquin,Amahuaca,jánunquín,(vt.)
103-ranunquin,Amahuaca,ránun quín,(vt.)
104-rayunquin,Amahuaca,ráyunquín,(vt.)
105-vaazaquin,Amahuaca,váázaquín,(vt.)
106-shinanya,Amahuaca,shínanyá,(adj.)
107-jovi,Amahuaca,jóvi,(nm.)
108-yovan,Amahuaca,yóvan,(nm.)
109-nutuhi,Amahuaca,nútuhí,(vi.)
110-hatima,Amahuaca,hátimá,(adj.)
111-moca,Amahuaca,mocá,(adj.)
112-tzimo,Amahuaca,tzimó,(adj.)
113-panshin,Amahuaca,pánshin,(adj.)
114-cataxquin,Amahuaca,cataxquin,(vt.)
115-chicunquin,Amahuaca,chicun quin,(vt.)
116-nuxaquin,Amahuaca,nuxaquin,(vt.)
117-runuxquin,Amahuaca,runuxquin,(vt.)
118-tuquin,Amahuaca,tuquin,(vt.)
119-tuxcuquin,Amahuaca,tuxcuquin,(vt.)
120-xuquiquin,Amahuaca,xuquiquín,(vt.)
121-camozquin,Amahuaca,camozquin,(vt.)
122-motzaquin,Amahuaca,mótza quin,(vt.)
123-cashovin,Amahuaca,cáshovín,(nf.)
124-hocunvuconravuu,Amahuaca,hócun-vúcon rávuu,(adj.)
125-tupico,Amahuaca,túpico,(nf.)
126-jaquinhti,Amahuaca,jaquínhti,(n.)
127-mucaati,Amahuaca,múcaatí,(n.)
128-maanaquinmanchinquin,Amahuaca,máánaquín mánchinquín,(vt.)
129-mazonquin,Amahuaca,mázonquín,(vt.)
130-quinchiquin,Amahuaca,quín chiquín,(vt.)
131-tzizpoquin,Amahuaca,tzízpoquín,(vt.)
132-choro,Amahuaca,chóro,(nf.)
133-muxvon,Amahuaca,múxvon,(nf.)
134-junurononha,Amahuaca,júnu-ronónha,(nf.)
135-xuni,Amahuaca,xuní,(adj.)
136-cahi,Amahuaca,cáhi,(vi.)
137-chiruxcuhi,Amahuaca,chíruxcúhi,(vi.)
138-hiyaavahinhqui,Amahuaca,híyaaváhinhqui,(vi.)
139-vohi,Amahuaca,vóhi,(vi.)
140-coninha,Amahuaca,cóninhá,(nf.)
141-conzu,Amahuaca,cónzu,(nf.)
142-nuronanillonmmuhozoti,Amahuaca,núronanillo (nm) múhozóti,(nf.)
143-chitu,Amahuaca,chítu,(nm.)
144-yohinna,Amahuaca,yóhinná,(nm.)
145-ruxni,Amahuaca,ruxní,(nf.)
146-ramaana,Amahuaca,rámaaná,(adv.)
147-vahocun,Amahuaca,váhocún,(adv.)
148-naichahohi,Amahuaca,nai-cháhohi,(vi.)
149-vucaxnahaquin,Amahuaca,vúcaxnáhaquín,(vt.)
150-mishquiti,Amahuaca,míshquití,(nm.)
151-nutanquin,Amahuaca,nútanquín,(vt.)
152-varixutuu,Amahuaca,vári-xútuu,(nm.)
153-mari,Amahuaca,mári,(nm.)
154-nocaquin,Amahuaca,nocáquin,(vt.)
155-vutzizquin,Amahuaca,vutzíz quin,(vt.)
156-vuparaquin,Amahuaca,vuparáquin,(vt.)
157-paoxpaoxhquiapoyarvi,Amahuaca,paóx-paóxhquiapoyar (vi,(vi.)
158-vtcopaxquin,Amahuaca,vt) copáxquin,(vi.)
159-cupinquin,Amahuaca,cúpinquín,(vi.)
160-vovacahahi,Amahuaca,vóvacáhahi,(vi.)
161-xupoquin,Amahuaca,xúpoquín,(vt.)
162-dsxupoquin,Amahuaca,(DS) xúpoquín,(vt.)
163-dizipoquin,Amahuaca,(DI) zípoquín,(vt.)
164-mutonquin,Amahuaca,mútonquín,(vt.)
165-nuno,Amahuaca,nunó,(adv.)
166-nuritzinca,Amahuaca,núritzínca,(adv.)
167-vacon,Amahuaca,vácon,(nf.)
168-muncha,Amahuaca,múncha,(nf.)
169-muiquin,Amahuaca,múiquín,(vt.)
170-muicananhi,Amahuaca,múicánanhí,(vi.)
171-jii,Amahuaca,jíí,(nm.)
172-jiimaxo,Amahuaca,jii-máxo,(nm.)
173-manpa,Amahuaca,manpá,(nm.)
174-muu,Amahuaca,múú,(nf.)
175-chiyun,Amahuaca,chíyun,(nm.)
176-piyacanti,Amahuaca,piyacánti,(nm.)
177-yohiri,Amahuaca,yóhirí,(nm.)
178-naanvahi,Amahuaca,naanváhi,(nm.)
179-juruuquin,Amahuaca,jurúúquin,(vt.)
180-caiz,Amahuaca,cáiz,(nf.)
181-capan,Amahuaca,capán,(nf.)
182-mishpoo,Amahuaca,míshpoo,(nf.)
183-parononti,Amahuaca,páronónti,(nm.)
184-pano,Amahuaca,páno,(nm.)
185-janu,Amahuaca,jánu,(nm.)
186-povahi,Amahuaca,póvahí,(vi.)
187-chicaro,Amahuaca,chicáro,(nm.)
188-tuzuuquin,Amahuaca,túzuuquín,(vt.)
189-xaraquin,Amahuaca,xaráquin,(vt.)
190-haroquin,Amahuaca,hároquín,(vt.)
191-horiquin,Amahuaca,horí quin,(vt.)
192-mananho,Amahuaca,mánanhó,(adv.)
193-mazoha,Amahuaca,mázohá,(adv.)
194-petaxquin,Amahuaca,pétaxquín,(vt.)
195-ramuncohohi,Amahuaca,rámuncóhohí,(vi.)
196-ranpihi,Amahuaca,ránpihí,(vi.)
197-paxco,Amahuaca,páxco,(nm.)
198-vuchonquin,Amahuaca,vuchónquin,(vt.)
199-zuviquin,Amahuaca,zuví quin,(vt.)
200-vuchon,Amahuaca,vúchon,(nf.)
201-chonpi,Amahuaca,chónpi,(adj.)
202-zuvizuvihni,Amahuaca,zúvi zúvihni,(adj.)
203-vuchonhi,Amahuaca,vúchonhí,(vi.)
204-xohiquin,Amahuaca,xóhiquín,(vt.)
205-xohi,Amahuaca,xóhi,(adj.)
206-chihirucun,Amahuaca,chíhirúcun,(nm.)
207-tzahonquin,Amahuaca,tzáhonquín,(vt.)
208-xatuquin,Amahuaca,xátuquín,(vt.)
209-jiipoto,Amahuaca,jii-póto,(nm.)
210-payaquin,Amahuaca,páyaquín,(vt.)
211-caxon,Amahuaca,cáxon,(adv.)
212-javinonnu,Amahuaca,jávinonnú,(adv.)
213-tzahooti,Amahuaca,tzáhootí,(nm.)
214-curux,Amahuaca,cúrux,(adj.)
215-chovox,Amahuaca,chóvox,(adj.)
216-paoxquin,Amahuaca,paóxquin,(vt.)
217-ratzaquin,Amahuaca,rátza quín,(vt.)
218-ratuquin,Amahuaca,rátuquín,(vt.)
219-ratuhcuhi,Amahuaca,ratúhcuhi,(vi.)
220-vuonquin,Amahuaca,vúonquín,(vt.)
221-cocoohi,Amahuaca,cócoohí,(vi.)
222-pacuuhi,Amahuaca,pácuuhí,(vi.)
223-rupiquin,Amahuaca,rúpiquín,(vt.)
224-taxnaquin,Amahuaca,táxna quín,(vt.)
225-cachiiho,Amahuaca,cáchiihó,(adv.)
226-mashitaquin,Amahuaca,mashítaquín,(vi.)
227-nacohi,Amahuaca,nácohí,(vi.)
228-shitaquin,Amahuaca,shítaquín,(vi.)
229-pocuhi,Amahuaca,pócuhí,(vi.)
230-vohoquin,Amahuaca,vóhoquín,(vt.)
231-pohiya,Amahuaca,póhiyá,(nm.)
232-ranoohi,Amahuaca,ránoohí,(vi.)
233-ravinhi,Amahuaca,rávin hí,(vi.)
234-chaniihi,Amahuaca,chániihí,(vt.)
235-honanmaquin,Amahuaca,hónanmá quin,(vt.)
236-marivina,Amahuaca,mári-vína,(nf.)
237-nishvin,Amahuaca,níshvin,(nf.)
238-vina,Amahuaca,vína,(nf.)
239-pishcan,Amahuaca,píshcan,(nf.)
240-honi,Amahuaca,hóni,(nf.)
241-jaquinquin,Amahuaca,jaquínquin,(vt.)
242-jiriyamahi,Amahuaca,jíriyámahi,(vi.)
243-zamaahi,Amahuaca,zámaahí,(vi.)
244-coshaquin,Amahuaca,cóshaquín,(vt.)
245-muhuquin,Amahuaca,múhuquín,(vt.)
246-mishquin,Amahuaca,míshquin,(nf.)
247-taavatapoto,Amahuaca,taa-váta póto,(nf.)
248-nava,Amahuaca,náva,(adj.)
249-cumuponohi,Amahuaca,cúmupónohi,(vi.)
250-xacaa,Amahuaca,xácaa,(nm.)
251-xupo,Amahuaca,xúpo,(nm.)
252-tonon,Amahuaca,tónon,(nm.)
253-chirinhi,Amahuaca,chírinhí,(vi.)
254-hipaahi,Amahuaca,hípaahí,(vi.)
255-votoohi,Amahuaca,vótoohí,(vi.)
256-votuquin,Amahuaca,vótuquín,(vi.)
257-manpa,Amahuaca,manpá,(adj.)
258-toro,Amahuaca,tóro,(adj.)
259-vuxnuu,Amahuaca,vúxnuu,(adj.)
260-vuyonquin,Amahuaca,vúyonquín,(vt.)
261-toohquin,Amahuaca,tóóhquin,(vt.)
262-tapan,Amahuaca,tápan,(nf.)
263-cunan,Amahuaca,cúnan,(nf.)
264-muho,Amahuaca,múho,(nf.)
265-naxihi,Amahuaca,náxihí,(vi.)
266-nonoohi,Amahuaca,nónoohí,(vi.)
267-cuni,Amahuaca,cuní,(nf.)
268-xata,Amahuaca,xatá,(nm.)
269-tunarma,Amahuaca,túnarmá,(nm.)
270-matzooquin,Amahuaca,mátzooquín,(vt.)
271-vazaquin,Amahuaca,vazá quin,(vt.)
272-poco,Amahuaca,póco,(nf.)
273-mapoo,Amahuaca,mápoo,(nm.)
274-nuyo,Amahuaca,nuyó,(nm.)
275-hicha,Amahuaca,hícha,(adj.)
276-naha,Amahuaca,náha,(adj.)
277-cucooti,Amahuaca,cúcootí,(nm.)
278-miti,Amahuaca,míti,(nm.)
279-matzoopotaa,Amahuaca,mátzoo-pótaa,(nf.)
280-tzizpo,Amahuaca,tzíz po,(nf.)
281-tovunquin,Amahuaca,tóvunquín,(vt.)
282-hii,Amahuaca,híí,(nm.)
283-vinti,Amahuaca,vintí,(nm.)
284-viriti,Amahuaca,vírití,(nm.)
285-vonanti,Amahuaca,vonantí,(nm.)
286-natza,Amahuaca,nátza,(nm.)
287-hayaquin,Amahuaca,háyaquín,(vt.)
288-hayati,Amahuaca,hayatí,(nf.)
289-tzoohquinveaagujerear,Amahuaca,-tzóóhquin (Vea agujerear),(vt.)
290-ponchon,Amahuaca,pónchon,(nm.)
291-tai,Amahuaca,taí,(nf.)
292-xotaxuni,Amahuaca,xóta-xúni,(nm.)
293-joxo,Amahuaca,joxó,(adj.)
294-cauhi,Amahuaca,cauhí,(vi.)
295-coton,Amahuaca,cóton,(nf.)
296-junurono,Amahuaca,júnu-róno,(nf.)
297-cuxaa,Amahuaca,cúxaa,(nf.)
298-paxootaxcaa,Amahuaca,páxoo-táxcaa,(nf.)
299-xoonhqui,Amahuaca,xóónhqui,(vt.)
300-xoonti,Amahuaca,xoónti,(nf.)
301-pazquinveaagujerear,Amahuaca,-pázquin (Vea agujerear),(vt.)
302-pisha,Amahuaca,písha,(nf.)
303-jovo,Amahuaca,jóvo,(nm.)
304-vomu,Amahuaca,vómu,(nm.)
305-sharaa,Amahuaca,sháraa,(adj.)
306-yoma,Amahuaca,yomá,(nm.)
307-papii,Amahuaca,pápii,(nm.)
308-zunun,Amahuaca,zúnun,(nm.)
309-xopoo,Amahuaca,xópoo,(nf.)
310-pahunha,Amahuaca,páhunhá,(adj.)
311-tovuquin,Amahuaca,tóvuquín,(vt.)
312-turuquin,Amahuaca,túruquín,(vt.)
313-vishavishaquin,Amahuaca,vísha-víshaquin,(vt.)
314-xavahi,Amahuaca,xávahí,(vi.)
315-potaquin,Amahuaca,pótaquín,(vt.)
316-vooquin,Amahuaca,vóóquin,(vt.)
317-honan,Amahuaca,hónan,(adj.)
318-povun,Amahuaca,póvun,(adj.)
319-zina,Amahuaca,"zína,",(adj.)
320-munuxuti,Amahuaca,múnuxúti,(nm.)
321-ponyan,Amahuaca,pónyan,(nm.)
322-poxtuu,Amahuaca,póxtuu,(nm.)
323-vovii,Amahuaca,vóvii,(nf.)
324-shivinquin,Amahuaca,shivínquin,(vt.)
325-shivisharaa,Amahuaca,shívishá raa,(adj.)
326-cashitiihi,Amahuaca,cáshitiihí,(vi.)
327-paraaxqui,Amahuaca,parááx qui,(vi.)
328-joconhi,Amahuaca,jóconhí,(vi.)
329-yopamati,Amahuaca,yópamáti,(nm.)
330-yovuu,Amahuaca,yóvuu,(nm.)
331-sharaa,Amahuaca,sháraa,(adj.)
332-shinanya,Amahuaca,shínanyá,(adj.)
333-coshoxca,Amahuaca,coshóxca,(nm.)
334-mahin,Amahuaca,máhin,(nm.)
335-pataaquin,Amahuaca,patááquin,(vi.)
336-vanvaquin,Amahuaca,vanváquin,(vi.)
337-monoshimomoshihqui,Amahuaca,mónoshí-mómoshíh qui,(vi.)
338-povupovhi,Amahuaca,póvu-póvhi,(vi.)
339-januquin,Amahuaca,jánuquín,(vi.)
340-mucaquin,Amahuaca,mucá quin,(vi.)
341-vunaquin,Amahuaca,vúnaquín,(vt.)
342-cumanquin,Amahuaca,cúmanquín,(vt.)
343-voo,Amahuaca,vóó,(nm.)
344-mapo,Amahuaca,mápo,(nf.)
345-chanxonrunxa,Amahuaca,chánxonrúnxa,(nm.)
346-vutashivutashinhca,Amahuaca,vútashí-vúta shínhca,(adj.)
347-coxcoxriihqui,Amahuaca,cóxcoxrííhqui,(vi.)
348-jonicurux,Amahuaca,jóni-cúrux,(nm.)
349-chinyanhi,Amahuaca,chínyanhí,(vi.)
350-pacuuhiruyocohi,Amahuaca,pácuuhí ruyócohi,(vi.)
351-taranvuhuhi,Amahuaca,táranvúhuhi,(vi.)
352-tiinquihi,Amahuaca,tíínqui hí,(vi.)
353-pononnai,Amahuaca,pónonnái,(nf.)
354-xovaxovahca,Amahuaca,xóva-xováhca,(nf.)
355-capuu,Amahuaca,cápuu,(nm.)
356-vuponvin,Amahuaca,vúponvín,(nm.)
357-vonanti,Amahuaca,"vonantí,",(nf.)
358-xatan,Amahuaca,xátan,(nf.)
359-mizin,Amahuaca,mízin,(nm.)
360-mapoxao,Amahuaca,mápo-xaó,(nf.)
361-junu,Amahuaca,junú,(nm.)
362-hitzizquin,Amahuaca,hitzízquin,(vt.)
363-yohoquin,Amahuaca,yohó quin,(vt.)
364-hitziz,Amahuaca,hítziz,(adj.)
365-nizcan,Amahuaca,nízcan,(adj.)
366-yoho,Amahuaca,yóho,(adj.)
367-vuyahi,Amahuaca,vúyahí,(vi.)
368-januquin,Amahuaca,jánuquín,(vt.)
369-manco,Amahuaca,mánco,(adj.)
370-nishmaahi,Amahuaca,níshmaahí,(vi.)
371-hoxatapan,Amahuaca,hóxa-tápan,(nf.)
372-hoxati,Amahuaca,hóxatí,(nf.)
373-hapashiro,Amahuaca,hápashíro,(nm.)
374-mapi,Amahuaca,mapí,(nm.)
375-vahin,Amahuaca,váhin,(nm.)
376-coton,Amahuaca,cóton,(nf.)
377-cari,Amahuaca,cári,(nm.)
378-haavuco,Amahuaca,háávucó,(nm.)
379-xovii,Amahuaca,xóvii,(nm.)
380-ruxoratani,Amahuaca,rúxorátani,(nm.)
381-cacan,Amahuaca,cácan,(nf.)
382-chihi,Amahuaca,chíhi,(nf.)
383-xacaa,Amahuaca,xácaa,(nm.)
384-xaman,Amahuaca,xamán,(nm.)
385-xancho,Amahuaca,xancho,(nm.)
386-macoxqui,Amahuaca,mácoxquí,(nm.)
387-ronti,Amahuaca,rónti,(nf.)
388-voxni,Amahuaca,voxní,(adj.)
389-hoxacatznahi,Amahuaca,hóxacátznáhi,(vi.)
390-paquininahi,Amahuaca,páquinináhi,(vi.)
391-pacuninnahahi,Amahuaca,pácunínnáhahi,(vi.)
392-javahi,Amahuaca,jávahí,(vi.)
393-vinihi,Amahuaca,vínihí,(vi.)
394-vuahi,Amahuaca,vuahí,(vi.)
395-java,Amahuaca,jáva,(nm.)
396-vua,Amahuaca,vuá,(nm.)
397-taa,Amahuaca,táá,(nf.)
398-vacataa,Amahuaca,váca-táá,(nf.)
399-hishcananti,Amahuaca,híshcanánti,(nf.)
400-hamuncapirona,Amahuaca,hámuncapirona,(nf.)
401-calyoophyllunasprucea,Amahuaca,calyoophylluna sprucea,(nf.)
402-haxo,Amahuaca,haxó,(nf.)
403-riroo,Amahuaca,ríroo,(nm.)
404-shino,Amahuaca,shíno,(nm.)
405-shinonha,Amahuaca,shinónha,(nm.)
406-vaza,Amahuaca,vazá,(nm.)
407-vunmanna,Amahuaca,vúnmanná,(nf.)
408-vupara,Amahuaca,vúpará,(adj.)
409-monton,Amahuaca,mónton,(nm.)
410-nocho,Amahuaca,nócho,(nm.)
411-nochonha,Amahuaca,nóchonhá,(nm.)
412-novo,Amahuaca,nóvo,(nm.)
413-xunoni,Amahuaca,xúnoní,(nf.)
414-hipo,Amahuaca,hípo,(nf.)
415-hishquin,Amahuaca,híshquin,(nf.)
416-cashta,Amahuaca,cashtá,(nf.)
417-yaish,Amahuaca,yáish,(nf.)
418-munshon,Amahuaca,múnshon,(nm.)
419-caravozo,Amahuaca,cáravózo,(nf.)
420-hiyaaquin,Amahuaca,híyaaquín,(vt.)
421-puuquin,Amahuaca,púúquin,(vt.)
422-tuponaquin,Amahuaca,túponáquin,(vt.)
423-cani,Amahuaca,caní,(nm.)
424-nami,Amahuaca,námi,(nf.)
425-vovin,Amahuaca,vóvin,(nm.)
426-rumaxa,Amahuaca,rúma xá,(nm.)
427-capozoro,Amahuaca,cápozóro,(nm.)
428-tapaz,Amahuaca,tápaz,(nf.)
429-hainquin,Amahuaca,haínquin,(vi.)
430-vunuquin,Amahuaca,vunúquin,(vi.)
431-xanoviquin,Amahuaca,xáno-víquin,(vi.)
432-xacaa,Amahuaca,xácaa,(nf.)
433-juma,Amahuaca,júma,(nm.)
434-xovaxovahca,Amahuaca,xóva-xováhca,(nf.)
435-cahan,Amahuaca,-cáhan,(adv.)
436-caviz,Amahuaca,-cáviz,(adv.)
437-xutaviyaxquin,Amahuaca,xúta-viyáxquin,(vt.)
438-copiiquincatahua,Amahuaca,copííquincatahua,(vt.)
439-erythrotilonparaense,Amahuaca,erythrotilon paraense,(vt.)
441-vurocoro,Amahuaca,vúro-córo,(nf.)
442-vihinvin,Amahuaca,víhinvín,(nm.)
443-poquinquin,Amahuaca,póquinquín,(vt.)
444-taxquinquin,Amahuaca,táxquin quín,(vt.)
445-vuviiquin,Amahuaca,vuvííquin,(vt.)
446-muqui,Amahuaca,muquí,(nm.)
447-mushpi,Amahuaca,mushpí,(nm.)
448-conxan,Amahuaca,cónxan,(nm.)
449-coro,Amahuaca,córo,(nf.)
450-chihimapo,Amahuaca,chíhimapó,(nf.)
451-jiivoroo,Amahuaca,jii-vóroo,(nf.)
452-vovii,Amahuaca,vóvii,(nf.)
453-tupi,Amahuaca,túpi,(nm.)
454-cuntuquin,Amahuaca,cúntuquín,(vt.)
455-horama,Amahuaca,horamá,(adj.)
456-chicuu,Amahuaca,chícuu,(nm.)
457-rani,Amahuaca,ráni,(nf.)
458-mapomuranno,Amahuaca,mápomúranno,(nm.)
459-vuruzca,Amahuaca,vurúzca,(nm.)
460-vuztuuhi,Amahuaca,vúztuuhí,(vi.)
461-panxan,Amahuaca,pánxan,(nm.)
462-cuntuquin,Amahuaca,cúntuquín,(vt.)
463-cuvuunquin,Amahuaca,cuvuun quín,(vt.)
464-vupoquin,Amahuaca,vúpoquín,(vt.)
465-carunnaha,Amahuaca,cárunnáha,(nm.)
466-machi,Amahuaca,máchi,(nm.)
467-manan,Amahuaca,mánan,(nm.)
468-vocon,Amahuaca,vócon,(nm.)
469-xancon,Amahuaca,xáncon,(nm.)
470-choro,Amahuaca,chóro,(nf.)
471-vara,Amahuaca,vará,(nf.)
472-vutacielormnaiciempiesrmxaco,Amahuaca,vutácielo (rm) naíciempiés (rm) xacó,(adj.)
473-chinuxuti,Amahuaca,chínuxúti,(nm.)
474-zaihqui,Amahuaca,zaíhqui,(vi.)
475-vuxna,Amahuaca,vúxna,(adj.)
476-cachhaxquin,Amahuaca,cáchhaxquín,(vt.)
477-tzacamaquin,Amahuaca,tzáca máquin,(vt.)
478-tucuzanti,Amahuaca,túcuzánti,(nf.)
479-ravon,Amahuaca,rávon,(nm.)
480-coxcoxriihqui,Amahuaca,cóxcoxrííhqui,(vi.)
481-racuuhai,Amahuaca,rácuuhái,(nm.)
482-jovaquin,Amahuaca,jováquin,(vt.)
483-vahaquin,Amahuaca,vaháquin,(vt.)
484-jova,Amahuaca,jová,(adj.)
485-popoo,Amahuaca,pópoo,(nf.)
486-hinyan,Amahuaca,hínyan,(nf.)
487-cumo,Amahuaca,cumó,(adj.)
488-cuunnahahi,Amahuaca,cuunnáhahi,(vt.)
489-vapoxco,Amahuaca,vapóxco,(nm.)
490-cuzaquin,Amahuaca,cúzaquín,(vt.)
491-viquin,Amahuaca,víquin,(vt.)
492-chanpahqui,Amahuaca,chanpáhqui,(vi.)
493-chanto,Amahuaca,chantó,(adj.)
494-quinto,Amahuaca,quintó,(adj.)
495-tanto,Amahuaca,tánto,(adj.)
496-jina,Amahuaca,jína,(nf.)
497-jishcajishcaquin,Amahuaca,jíshca-jíshcaquín,(vi.)
498-cacuuhi,Amahuaca,cácuuhí,(vt.)
499-rontanquin,Amahuaca,róntanquín,(vt.)
500-vuonquin,Amahuaca,vúonquín,(vt.)
501-xurontanxurontanquin,Amahuaca,xuróntan-xuróntan quín,(vt.)
502-ronoohi,Amahuaca,rónoohí,(vi.)
503-matonco,Amahuaca,mátoncó,(nf.)
504-xucoshqui,Amahuaca,xucóshqui,(nm.)
505-tzahonquin,Amahuaca,tzáhonquín,(vt.)
506-muu,Amahuaca,múú,(nf.)
507-cacuuti,Amahuaca,cácuuti,(nm.)
508-nacax,Amahuaca,nácax,(nm.)
509-cocoquin,Amahuaca,cócoquín,(vi.)
510-haqui,Amahuaca,háqui,(vi.)
511-jirihi,Amahuaca,jírihí,(vi.)
512-mocoquin,Amahuaca,mócoquín,(vi.)
513-naihi,Amahuaca,náihí,(vi.)
514-piquin,Amahuaca, píquin,(vi.)
515-hati,Amahuaca,háti,(adj.)
516-jiriti,Amahuaca,jíriti,(nf.)
517-piti,Amahuaca,píti,(nf.)
518-xova,Amahuaca,xóva,(nf.)
519-caviz,Amahuaca,-cáviz,(adv.)
520-cuza,Amahuaca,cuzá,(int.)
521-jau,Amahuaca,jáú,(int.)
522-jaquinhti,Amahuaca,jaquínhti,(nm.)
523-humanquin,Amahuaca,húmanquín,(vt.)
524-zununquin,Amahuaca,zúnunquín,(vt.)
525-corvin,Amahuaca,-córvin,(adv.)
526-maroquinconprnivuuya,Amahuaca,"mároquíncon (pr) ni,-vuu,-ya",(vt.)
527-tohohi,Amahuaca,tóhohí,(vi.)
528-chavox,Amahuaca,chávox,(nf.)
529-pao,Amahuaca,paó,(nf.)
530-tzano,Amahuaca,tzanó,(nf.)
531-hishmin,Amahuaca,híshmin,(nm.)
532-mutzonquin,Amahuaca,mútzonquín,(vt.)
533-hotza,Amahuaca,hotzá,(nm.)
534-zutuuhi,Amahuaca,zútuuhí,(vi.)
535-honanhi,Amahuaca,hónanhí,(vi.)
536-toponquin,Amahuaca,tóponquín,(vt.)
537-jovihi,Amahuaca,jóvíhí,(vi.)
538-cunaquin,Amahuaca,cunaquín,(vt.)
539-zunpa,Amahuaca,zúnpa,(nm.)
540-maxurono,Amahuaca,máxu-róno,(nm.)
541-jovinti,Amahuaca,jóvintí,(n.)
542-maiti,Amahuaca,máiti,(nf.)
543-maon,Amahuaca,máon,(nf.)
544-mashicoti,Amahuaca,máshicóti,(nf.)
545-mazpanan,Amahuaca,mázpanán,(nf.)
546-haztuquin,Amahuaca,haztúquin,(vt.)
547-muztuquin,Amahuaca,múztu quín,(vt.)
548-ruraquin,Amahuaca,rúraquín,(vt.)
549-taxtuquin,Amahuaca,táxtuquín,(vt.)
550-xatuquin,Amahuaca,xátu quín,(vt.)
551-puhohi,Amahuaca,púhohí,(vi.)
552-raxvii,Amahuaca,ráxvii,(nf.)
553-toro,Amahuaca,tóro,(adj.)
554-niriquiniriquihi,Amahuaca,niriquí-niriquíhi,(vi.)
555-paxahicahi,Amahuaca,páxahicáhi,(vi.)
556-coshi,Amahuaca,coshí,(adv.)
557-jununuxva,Amahuaca,júnu-núxva,(nf.)
558-vitzucu,Amahuaca,vítzucú,(nf.)
559-tuzcuquin,Amahuaca,túzcuquín,(vt.)
560-votzoquin,Amahuaca,vótzo quín,(vt.)
561-cuxuquin,Amahuaca,cúxuquín,(vt.)
562-pishi,Amahuaca,pishí,(nf.)
563-rumaco,Amahuaca,rúmacó,(nf.)
564-vunxan,Amahuaca,vúnxan,(nf.)
565-roho,Amahuaca,róho,(nm.)
566-mucunxao,Amahuaca,múcun-xáo,(nf.)
567-mutoro,Amahuaca,mutó ro,(nf.)
568-huhuhi,Amahuaca,húhúhi,(vi.)
569-puxcoohi,Amahuaca,púxcoohí,(vi.)
570-xunihi,Amahuaca,xúnihí,(vi.)
571-coonhi,Amahuaca,cóonhí,(vi.)
572-shorishorihca,Amahuaca,shóri-shoríhca,(adj.)
573-mashpi,Amahuaca,mashpí,(nf.)
574-vacu,Amahuaca,vacú,(nf.)
575-puxcoquin,Amahuaca,púxcoquín,(vt.)
576-cuohi,Amahuaca,cúohí,(vi.)
577-napax,Amahuaca,nápax,(adj.)
578-paxa,Amahuaca,páxa,(adj.)
579-pocuquin,Amahuaca,pócuquín,(vt.)
580-rato,Amahuaca,ráto,(int.)
581-canon,Amahuaca,canón,(adv.)
582-cuzatinyan,Amahuaca,cuza tínyan,(int.)
583-cuzahtin,Amahuaca,cuzáhtin,(int.)
584-vuxcuutza,Amahuaca,vuxcúútza,(nm.)
585-mapoquin,Amahuaca,mápoquín,(vt.)
586-vuniquin,Amahuaca,vúniquín,(vt.)
587-vupoquin,Amahuaca,vúpoquín,(vt.)
588-chinta,Amahuaca,chintá,(nf.)
589-vanxuxhi,Amahuaca,vánxuxhí,(vi.)
590-chichica,Amahuaca,chíchicá,(nm.)
591-tuxo,Amahuaca,túxo,(nm.)
592-vuroxanto,Amahuaca,vúro-xánto,(nf.)
593-manxo,Amahuaca,manxo,(nm.)
594-xacaa,Amahuaca,xácaa,(nm.)
595-yora,Amahuaca,yóra,(nm.)
596-chituquin,Amahuaca,chítuquín,(vt.)
597-hishtorohca,Amahuaca,híshtoróhca,(nf.)
598-rono,Amahuaca,ronó,(nf.)
599-chaniiquin,Amahuaca,chániiquín,(vt.)
600-horoquin,Amahuaca,hóroquín,(vt.)
601-macanonti,Amahuaca,mácanontí,(nf.)
602-mapooti,Amahuaca,mápoo tí,(nf.)
603-mavuuti,Amahuaca,mávuutí,(nf.)
604-hunnutu,Amahuaca,hun-nutú,(nm.)
605-muxcoronti,Amahuaca,muxco-rónti,(nf.)
606-tonon,Amahuaca,tónon,(nm.)
607-chahiyaa,Amahuaca,cháhiyaa,(n.)
608-chahiyaa,Amahuaca,cháhiyaa,(n.)
609-haintza,Amahuaca,haíntza,(n.)
610-vunutza,Amahuaca,vunútza,(n.)
611-romu,Amahuaca,rómu,(nm.)
612-rahooquin,Amahuaca,rahóóquin,(vt.)
613-maxcun,Amahuaca,máxcun,(nf.)
614-vuquiya,Amahuaca,vúquiyá,(adj.)
615-yomiriya,Amahuaca,yómiriyá,(adj.)
616-taricushuri,Amahuaca,táricushuri,(nf.)
617-phalacrocoraxolivaceus,Amahuaca,phalacrocorax olivaceus,(nf.)
619-nau,Amahuaca,naú,(nf.)
620-vai,Amahuaca,vái,(nf.)
621-vaicopa,Amahuaca,vai-cópa,(nf.)
622-comari,Amahuaca,comári,(nf.)
623-ziyaquin,Amahuaca,zíyaquín,(vt.)
624-cochi,Amahuaca,cóchi,(nm.)
625-tonpinquin,Amahuaca,tónpinquín,(vt.)
626-toncomoro,Amahuaca,tóncomóro,(nf.)
627-cavoori,Amahuaca,cavóóri,(nf.)
628-xavuchauexccayotanonhi,Amahuaca,xávuchau (exc) cáyotánonhí,(nf.)
629-chishca,Amahuaca,chísh ca,(nm.)
630-hayati,Amahuaca,háyatí,(nf.)
631-tzuhochihuaco,Amahuaca,tzuhóchihuaco,(nf.)
632-psarocoliusangustifronsalfredi,Amahuaca,psarocolius angusti frons alfredi,(nf.)
633-psarocoliusatro,Amahuaca,psarocolius atro,(nf.)
634-hitzoo,Amahuaca,hítzoo,(nm.)
635-vaxvaxhqui,Amahuaca,vaxváxhqui,(vi.)
636-pama,Amahuaca,páma,(nf.)
637-hizomnontochirricles,Amahuaca,hizomnontóchirriclés,(nm.)
638-pionitesleucogaster,Amahuaca,pionites leucogaster,(nm.)
640-xaunmuya,Amahuaca,xaunmúya,(nf.)
641-chaniihi,Amahuaca,chániihí,(vt.)
642-coshaquin,Amahuaca,cóshaquín,(vt.)
643-tizquinveaagujerear,Amahuaca,-tízquin (Vea agujerear),(vt.)
644-hizocoro,Amahuaca,hizo-córo,(nm.)
645-xumun,Amahuaca,xúmun,(nf.)
646-zanpon,Amahuaca,zánpon,(nf.)
647-choshpu,Amahuaca,chóshpu,(nf.)
648-hoyoquin,Amahuaca,hóyoquín,(vt.)
649-toconquin,Amahuaca,tóconquín,(vt.)
650-manipozi,Amahuaca,máni-pozí,(nm.)
651-chirinhi,Amahuaca,chírinhí,(vt.)
652-hinanquin,Amahuaca,hínanquín,(vt.)
653-humanquin,Amahuaca,humanquín,(vt.)
654-vacuviquin,Amahuaca,vácu-víquin,(vt.)
655-jiriquin,Amahuaca,jiríquin,(vt.)
656-paoxpaoxhqui,Amahuaca,paóx paóxhqui,(vi.)
657-hotahi,Amahuaca,hótahí,(vt.)
658-chiyuxcuhuhideverasexccoon,Amahuaca,chíyuxcúhu hide veras (exc) cóón,(vt.)
659-rocon,Amahuaca,-rócon,(vt.)
660-vacho,Amahuaca,vachó,(adj.)
661-vayo,Amahuaca,váyo,(adj.)
662-yohiquin,Amahuaca,yóhiquín,(vt.)
663-vanxuxhi,Amahuaca,vánxuxhí,(vi.)
664-coonhi,Amahuaca,coonhí,(vi.)
665-mucun,Amahuaca,múcun,(nm.)
666-muvi,Amahuaca,múvi,(nm.)
667-ruvo,Amahuaca,rúvo,(nm.)
668-junuquin,Amahuaca,júnuquín,(vt.)
669-junuuhinuvuhranquin,Amahuaca,júnuuhí nuvúhranquín,(vt.)
670-vavanhqui,Amahuaca,vavánhqui,(vt.)
671-vavuhranquin,Amahuaca,vavú hranquín,(vt.)
672-xononvahi,Amahuaca,xónonváhi,(vt.)
673-xononvuranhqui,Amahuaca,xónonvu ránhqui,(vt.)
674-novu,Amahuaca,nóvu,(adj.)
675-yovuu,Amahuaca,yóvuu,(nm.)
676-zanahi,Amahuaca,zánahí,(vi.)
677-jahori,Amahuaca,jahóri,(adv.)
678-muztun,Amahuaca,múztun,(adj.)
679-jocaquin,Amahuaca,jócaquín,(vt.)
680-naoquin,Amahuaca,naóquin,(vt.)
681-tazaquin,Amahuaca,tázaquín,(vt.)
682-tontonquin,Amahuaca,tontónquin,(vt.)
683-maxaraa,Amahuaca,máxaráá,(nm.)
684-cumo,Amahuaca,cumó,(adj.)
685-zirocohohi,Amahuaca,zírocóhohi,(vi.)
686-nishmarizhi,Amahuaca,níshmarízhi,(vi.)
687-yamarizhi,Amahuaca,yamarízhi,(vi.)
688-pucaquin,Amahuaca,púcaquín,(vt.)
689-jovinhi,Amahuaca,jóvinhí,(vi.)
690-hipaahi,Amahuaca,hípaahí,(vi.)
691-catoxcohohi,Amahuaca,cátoxcóhohi,(vi.)
692-potuquin,Amahuaca,pótuquín,(vt.)
693-cuunhi,Amahuaca,cúunhí,(vt.)
694-pa,Amahuaca,-pa,(vt.)
695-cazmaz,Amahuaca,-cázmaz,(adj.)
696-rupihi,Amahuaca,rúpihí,(vi.)
697-tapiha,Amahuaca,tápiha,(nf.)
698-xumuquin,Amahuaca,xúmuquín,(vt.)
699-vishton,Amahuaca,víshton,(adj.)
700-vuroyamuuhi,Amahuaca,vúro-yámuuhi,(vi.)
701-jumahi,Amahuaca,júmahí,(vt.)
702-yanima,Amahuaca,yánimá,(adv.)
703-tuzatuzaquin,Amahuaca,túza-túzaquin,(vt.)
704-vuxvaaquin,Amahuaca,vuxvááquin,(vt.)
705-vuharohohivuxvaahi,Amahuaca,vuharóhohi vúxvaahí,(vi.)
706-xontuxquin,Amahuaca,xontúxquin,(vt.)
707-vuzohi,Amahuaca,vúzohí,(vt.)
708-muxaquin,Amahuaca,muxáquin,(vt.)
709-tzancaquin,Amahuaca,tzáncaquín,(vt.)
710-canon,Amahuaca,canón,(adv.)
711-chipo,Amahuaca,chípo,(adv.)
712-tzincan,Amahuaca,-tzíncan,(adv.)
713-vupunquin,Amahuaca,vúpunquín,(vt.)
714-catoxcohohi,Amahuaca,cátoxcóhohi,(vi.)
715-raminnahahi,Amahuaca,ráminnáhahi,(adj.)
716-nazirohohi,Amahuaca,náziróhohi,(vi.)
717-chituquin,Amahuaca,chítuquín,(vt.)
718-vanuquin,Amahuaca,vánu quín,(vt.)
719-cachiiho,Amahuaca,cáchiihó,(adv.)
720-hoxaa,Amahuaca,hóxaa,(nm.)
721-nutu,Amahuaca,nutú,(nm.)
722-chixoohi,Amahuaca,chíxoohí,(vi.)
723-cunuuquin,Amahuaca,cunúúquin,(vt.)
724-muchiihi,Amahuaca,múchiihí,(vi.)
725-cunuu,Amahuaca,cúnuu,(nm.)
726-xuta,Amahuaca,xutá,(nm.)
727-xumacayan,Amahuaca,xúmacáyan,(nm.)
728-xutaruvo,Amahuaca,xúta-rúvo,(nm.)
729-rami,Amahuaca,ramí,(adj.)
730-coriiqui,Amahuaca,córiiquí,(nm.)
731-capoquin,Amahuaca,cápoquín,(vt.)
732-chinpoquin,Amahuaca,chinpó quin,(vt.)
733-zuviquin,Amahuaca,zuvíquin,(vt.)
734-cuvin,Amahuaca,cúvin,(adj.)
735-hizinhi,Amahuaca,hízinhí,(vi.)
736-hizin,Amahuaca,hízin,(nm.)
737-hivoquin,Amahuaca,hivóquin,(vt.)
738-rani,Amahuaca,ráni,(int.)
739-raqui,Amahuaca,ráqui,(int.)
740-xaxuntatzadoral,Amahuaca,xáxuntátzadoral,(nm.)
741-myiozetetetessimilia,Amahuaca,myiozetetetes similia,(nm.)
743-hoxahi,Amahuaca,hóxahí,(vi.)
744-ravuu,Amahuaca,rávuu,(adj.)
745-hivo,Amahuaca,hívo,(nm.)
746-vata,Amahuaca,vatá,(adj.)
747-cani,Amahuaca,caní,(adj.)
748-curux,Amahuaca,cúrux,(adj.)
749-cuztoo,Amahuaca,cúztoo,(adj.)
750-niyoquin,Amahuaca,níyoquín,(vt.)
751-potaquin,Amahuaca,pótaquín,(vt.)
752-taxquiveaagujerear,Amahuaca,- táxqui (Vea agujerear),(vt.)
753-racaahi,Amahuaca,rácaahí,(vi.)
754-muronhi,Amahuaca,múronhí,(vi.)
755-jaa,Amahuaca,jáá,(pn.)
756-jan,Amahuaca,ján,(pn.)
757-jato,Amahuaca,játo,(pn.)
758-nanuquin,Amahuaca,nánuquín,(vt.)
759-matzahi,Amahuaca,mátzahí,(vt.)
760-yotoquin,Amahuaca,yótoquín,(vt.)
761-hisharahi,Amahuaca,hísharáhi,(vi.)
762-hayooquin,Amahuaca,háyooquín,(vt.)
763-hinaa,Amahuaca,hínaa,(nm.)
764-vuranquinenprepmuran,Amahuaca,vúranquínen (prep) -múran,(vt.)
765-qui,Amahuaca,-quí,(vt.)
766-juruuquin,Amahuaca,jurúúquin,(vt.)
767-cuntuquin,Amahuaca,cúntuqúin,(vt.)
768-cuvuunquin,Amahuaca,cúvuun quín,(vt.)
769-xutatapo,Amahuaca,xúta-tápo,(nf.)
770-maxcaa,Amahuaca,máxcaa,(adv.)
771-tohohi,Amahuaca,tóhohí,(vi.)
772-zoroohi,Amahuaca,zóroohí,(vi.)
773-zinaahqui,Amahuaca,zinááhqui,(vi.)
774-rananquin,Amahuaca,ránanquín,(vt.)
775-vuchiquin,Amahuaca,vúchi quín,(vt.)
776-chaztonquin,Amahuaca,cháztonquín,(vt.)
777-vuquiquin,Amahuaca,vúquiquín,(vt.)
778-vuquiya,Amahuaca,vúquiya,(adj.)
779-yomiriya,Amahuaca,yómiriyá,(adj.)
780-cayaquin,Amahuaca,"cayáquin,",(vt.)
781-muztunhi,Amahuaca,múztunhí,(vi.)
782-jamavo,Amahuaca,jámavó,(nm.)
783-yoratza,Amahuaca,yorátza,(nm.)
784-zinati,Amahuaca,zínati,(nm.)
785-hizinya,Amahuaca,hízinyá,(adj.)
786-nahivuchi,Amahuaca,náhivú chi,(adj.)
787-vuraacazmaz,Amahuaca,vúraacázmaz,(adj.)
788-jotaquin,Amahuaca,jótaquín,(vt.)
789-matziquin,Amahuaca,matzíquin,(vt.)
790-varoxhi,Amahuaca,vároxhí,(vi.)
791-vuchonhi,Amahuaca,vúchonhí,(vi.)
792-hontzaquin,Amahuaca,hóntzaquín,(vt.)
793-paranquin,Amahuaca,páran quín,(vt.)
794-xovaahi,Amahuaca,xóvaahí,(vi.)
795-xunihi,Amahuaca,xúnihí,(vi.)
796-cuoquin,Amahuaca,cúoquín,(vt.)
797-mauhi,Amahuaca,máuhí,(vi.)
798-mano,Amahuaca,máno,(nm.)
799-notzi,Amahuaca,nótzi,(adj.)
800-zinaa,Amahuaca,zínaa,(adj.)
801-honanmaquin,Amahuaca,hónanmáquin,(vt.)
802-tanamaquin,Amahuaca,tána máquin,(vt.)
803-zuvii,Amahuaca,zúvii,(adj.)
804-zuvizuvihni,Amahuaca,zúvi zúvihni,(adj.)
805-chahonahaquin,Amahuaca,cháhonáhaquin,(vt.)
806-nincaaquin,Amahuaca,níncaaquín,(vt.)
807-honan,Amahuaca,hónan,(nm.)
808-maiquin,Amahuaca,maíquin,(vt.)
809-jiquihi,Amahuaca,jíquihí,(vi.)
810-vuhihi,Amahuaca,vúhihí,(vi.)
811-paxnannahi,Amahuaca,páxnannáhi,(vi.)
812-hozahiveaagujerear,Amahuaca,-hózahí (Vea agujerear),(vi.)
813-puxcoohi,Amahuaca,púxcoohí,(vi.)
814-xunihi,Amahuaca,xúni hí,(vi.)
815-yopooquin,Amahuaca,yopóóquin,(vt.)
816-capoquin,Amahuaca,cápoquín,(vt.)
817-racoquin,Amahuaca,ráco quín,(vt.)
818-hiza,Amahuaca,hizá,(nm.)
819-tapati,Amahuaca,tápatí,(nf.)
820-rachispo,Amahuaca,rachíspo,(nf.)
821-rashpi,Amahuaca,ráshpi,(nf.)
822-paxahicahiescarabajooryctesnasicornis,Amahuaca,páxahicáhiescarabajo oryctes nasicornis,(vi.)
825-vazaquin,Amahuaca,vazáquin,(vt.)
826-mancux,Amahuaca,máncux,(nf.)
827-matzooti,Amahuaca,mátzootí,(nf.)
828-catooquin,Amahuaca,cátooquín,(vt.)
829-jonuquin,Amahuaca,jónuquín,(vt.)
830-toohati,Amahuaca,tooháti,(nf.)
831-cunuuquin,Amahuaca,cunúúquin,(vt.)
832-nincaaquin,Amahuaca,níncaaquín,(vt.)
833-coshtoohqui,Amahuaca,coshtóóhqui,(vi.)
834-jaa,Amahuaca,jáá,(pn.)
835-tuton,Amahuaca,túton,(nm.)
836-catu,Amahuaca,catú,(nf.)
837-chincan,Amahuaca,chíncan,(nf.)
838-vamaquin,Amahuaca,vámaquín,(vt.)
839-zaaquin,Amahuaca,zááquin,(vt.)
840-mananquin,Amahuaca,mánanquín,(vt.)
841-hishpi,Amahuaca,híshpi,(nf.)
842-moxa,Amahuaca,móxa,(nf.)
843-yoshin,Amahuaca,yóshin,(nm.)
844-xavacanavo,Amahuaca,xávacana vó,(nm.)
845-hain,Amahuaca,háin,(nf.)
846-vunu,Amahuaca,vunú,(nm.)
847-vacox,Amahuaca,vácox,(nf.)
848-vaha,Amahuaca,váha,(nf.)
849-yoraxao,Amahuaca,yóra-xaó,(nm.)
850-tapo,Amahuaca,tapó,(nm.)
851-jahi,Amahuaca,jáhi,(vi.)
852-varicainhain,Amahuaca,vári-cainháín,(nm.)
853-pishin,Amahuaca,píshin,(nf.)
854-xoncan,Amahuaca,xóncan,(nm.)
855-puhooquin,Amahuaca,púhooquín,(vt.)
856-tiniquin,Amahuaca,tíni quín,(vt.)
857-tuuquin,Amahuaca,túuquín,(vt.)
858-camiihi,Amahuaca,cámiihí,(vi.)
859-jununuxva,Amahuaca,júnu-núxva,(nm.)
860-nan,Amahuaca,nán,(pn.)
861-chinxanto,Amahuaca,chinxánto,(nm.)
862-jantoo,Amahuaca,jántoo,(nm.)
863-vuchituquin,Amahuaca,vúchitúquin,(vt.)
864-jahoshini,Amahuaca,jáhoshíni,(vi.)
865-tunuxquin,Amahuaca,túnuxquín,(vt.)
866-xanunquin,Amahuaca,xánunquín,(vt.)
867-vishi,Amahuaca,vishí,(nf.)
868-zacozacoquin,Amahuaca,záco-zácoquin,(vi.)
869-pohi,Amahuaca,póhi,(nm.)
870-yohisharaaquin,Amahuaca,yóhisharááquin,(vt.)
871-juntzinquin,Amahuaca,júntzinquín,(vt.)
872-motzaquin,Amahuaca,mótzaquín,(vt.)
873-toshaquin,Amahuaca,tóshaquín,(vt.)
874-tohati,Amahuaca,tóhatí,(nm.)
875-putaaquin,Amahuaca,putááquin,(vt.)
876-jamavo,Amahuaca,jámavó,(nm.)
877-naa,Amahuaca,náá,(nm.)
878-yoratza,Amahuaca,yorátza,(nm.)
879-hatiasharaa,Amahuaca,hátiasháraa,(adj.)
880-jonxu,Amahuaca,jónxu,(nf.)
881-potoo,Amahuaca,pótoo,(nf.)
882-raoti,Amahuaca,raotí,(nf.)
883-vachi,Amahuaca,vachí,(nf.)
884-zaya,Amahuaca,zayá,(nf.)
885-maxcaahi,Amahuaca,máxcaahí,(vi.)
886-tuton,Amahuaca,túton,(nf.)
887-hatzapoto,Amahuaca,hátza-póto,(nf.)
888-momoshimomoshihqui,Amahuaca,mómoshí-mómóshíh qui,(vi.)
889-toho,Amahuaca,tóho,(nm.)
890-xuhoo,Amahuaca,xúhoo,(nf.)
891-tacunquin,Amahuaca,tácunquín,(vt.)
892-cuno,Amahuaca,cunó,(nm.)
893-hishcun,Amahuaca,híshcun,(nm.)
894-vacho,Amahuaca,vachó,(adj.)
895-voyon,Amahuaca,vóyon,(adj.)
896-vuxna,Amahuaca,vúxna,(adj.)
897-coshmaya,Amahuaca,coshmáya,(adj.)
898-chishna,Amahuaca,chíshna,(adj.)
899-ruu,Amahuaca,rúú,(nf.)
900-piya,Amahuaca,piyá,(nf.)
901-jova,Amahuaca,jová,(nf.)
902-toxvaahi,Amahuaca,tóxvaahí,(vi.)
903-nonyan,Amahuaca,nónyan,(nm.)
904-jozporo,Amahuaca,józporo,(nm.)
905-moshiiquin,Amahuaca,moshííquin,(vt.)
906-shiriquin,Amahuaca,shirí quin,(vt.)
907-chanxonrunxa,Amahuaca,chánxonrúnxa,(nm.)
908-poroto,Amahuaca,poró to,(nm.)
909-yosto,Amahuaca,yostó,(nm.)
910-yozo,Amahuaca,yózo,(nm.)
911-vucuzanti,Amahuaca,vúcuzánti,(nf.)
912-matzihacerfriodurantealgunos,Amahuaca,matzí  hacer frío durante algunos,(adj.)
913-yotanhi,Amahuaca,yótanhí,(vi.)
914-xuquiihi,Amahuaca,xúquiihí,(vi.)
915-matzinincaahi,Amahuaca,mátzi-níncaahí,(vi.)
916-pariparihqui,Amahuaca,pári-paríhqui,(vi.)
917-shirihca,Amahuaca,shiríhca,(adj.)
918-maxaxahahi,Amahuaca,máxaxáhahí,(vt.)
919-turuquin,Amahuaca,túru quín,(vt.)
920-tziztoquin,Amahuaca,tzíztoquín,(vt.)
921-vuyoquihihi,Amahuaca,vúyoquíhihi,(vt.)
922-xaxaquin,Amahuaca,xáxaquín,(vt.)
923-vimi,Amahuaca,vimí,(n.)
924-vin,Amahuaca,-vin,(n.)
925-chihi,Amahuaca,chíhi,(nm.)
926-juruu,Amahuaca,júruu,(nm.)
927-curux,Amahuaca,cúrux,(adj.)
928-capozoro,Amahuaca,cápozóro,(nm.)
929-hatapa,Amahuaca,hátapá,(nf.)
930-xutu,Amahuaca,xútu,(nm.)
931-pohixutu,Amahuaca,póhi-xútu,(nm.)
932-roha,Amahuaca,róha,(nm.)
933-hamaquiriganarvtmaanaquin,Amahuaca,hámaquíriganar (vt) máánaquin,(nf.)
934-hachimati,Amahuaca,háchimáti,(nm.)
935-tuxpi,Amahuaca,túxpi,(nf.)
936-yanan,Amahuaca,yánan,(nf.)
937-vichopumagarza,Amahuaca,vichó  puma garza,(nf.)
938-tigrisomalinea,Amahuaca,tigrisoma 'linea,(nf.)
939-jacagarcita,Amahuaca,jáca  garcita,(nf.)
940-butoridesstriatus,Amahuaca,butorides striatus,(nf.)
942-payo,Amahuaca,páyo,(adj.)
943-mupihi,Amahuaca,múpihí,(vi.)
944-muxohi,Amahuaca,múxohí,(vi.)
945-mishiitogavilan,Amahuaca,mishíítogavilán,(nm.)
946-elanoidesforficatus,Amahuaca,"elanoides forficatus,",(nm.)
947-chiqui,Amahuaca,chíqui,(nm.)
948-pacaca,Amahuaca,pacáca,(nm.)
949-tutuu,Amahuaca,tútuu,(nm.)
950-vazicunma,Amahuaca,vázicún ma,(nm.)
951-huuhqui,Amahuaca,húúhqui,(vi.)
952-mayahi,Amahuaca,máyahí,(vi.)
953-viriviriquin,Amahuaca,víri viríquin,(vt.)
954-yocaquin,Amahuaca,yócaquín,(vt.)
955-hivoquin,Amahuaca,hivóquin,(vt.)
956-chono,Amahuaca,chóno,(nf.)
957-coshaquin,Amahuaca,cóshaquín,(vt.)
958-pozihihi,Amahuaca,-pozihíhi,(vi.)
959-mutashquinveaagujerear,Amahuaca,mutáshquin (Vea agujerear),(vt.)
960-xovaa,Amahuaca,xóvaa,(adj.)
961-manzan,Amahuaca,mánzan,(nm.)
962-mishpotzaa,Amahuaca,mishpótzaa,(nm.)
963-xachitzaa,Amahuaca,"xachítzaa,",(nm.)
964-roro,Amahuaca,roró,(nm.)
965-tozoohi,Amahuaca,tózoohí,(vi.)
966-pianpianhca,Amahuaca,pían-piánhca,(nm.)
967-xumi,Amahuaca,xúmi,(nm.)
968-toha,Amahuaca,tóha,(adj.)
969-varox,Amahuaca,várox,(nm.)
970-chanpo,Amahuaca,chanpó,(nm.)
971-caxaahi,Amahuaca,cáxaahí,(vi.)
972-cunaahi,Amahuaca,cúnaahí,(vi.)
973-vaonhqui,Amahuaca,vaónhqui,(vi.)
974-vaxvaxhqui,Amahuaca,vaxváxhqui,(vi.)
975-zaihqui,Amahuaca,zaíhqui,(vi.)
976-cuvin,Amahuaca,cúvin,(adj.)
977-cuztoo,Amahuaca,cúztoo,(adj.)
978-vuxcu,Amahuaca,vúxcu,(adj.)
979-rahuhi,Amahuaca,ráhuhí,(vi.)
980-varavarahqui,Amahuaca,vára-varáh qui,(vi.)
981-tuxu,Amahuaca,túxu,(nm.)
982-cahinazul,Amahuaca,cáhin (azul),(nm.)
983-canaamarilloguacamayorojo,Amahuaca,caná (amarillo)  guacamayo rojo,(nm.)
984-aramacao,Amahuaca,ara macao,(nm.)
988-chituquin,Amahuaca,chítuquín,(vt.)
989-vaquin,Amahuaca,váquin,(vt.)
990-vinpish,Amahuaca,vínpish,(nf.)
991-xunan,Amahuaca,xúnan,(nf.)
992-yocan,Amahuaca,yócan,(nf.)
993-chiviiquin,Amahuaca,chívii quín,(vt.)
994-chixun,Amahuaca,chíxun,(nm.)
995-paxcapaxcaquin,Amahuaca,páxca-páxcaquín,(vt.)
996-hohiquin,Amahuaca,hóhiquín,(vi.)
997-yovanhi,Amahuaca,yóvanhí,(vi.)
998-haqui,Amahuaca,háqui,(vt.)
999-rovu,Amahuaca,rovú,(nf.)
1000-rurati,Amahuaca,rúratí,(nf.)
1001-yami,Amahuaca,yamí,(nf.)
1002-vuchiquin,Amahuaca,vúchiquín,(vt.)
1003-rizi,Amahuaca,rizí,(nf.)
1004-coshmanahi,Amahuaca,cóshmanáhi,(vi.)
1005-roroo,Amahuaca,róroo,(nf.)
1006-romu,Amahuaca,rómu,(nm.)
1007-yopamatihelecho,Amahuaca,yópamátihelecho,(nm.)
1008-ceratopteristhalictroi,Amahuaca,ceratopteris thalictroi,(nm.)
1009-xacoxiya,Amahuaca,xáco-xíya,(nm.)
1010-yoxan,Amahuaca,yóxan,(nf.)
1011-choro,Amahuaca,chóro,(nf.)
1012-vara,Amahuaca,vará,(nf.)
1013-tzacaa,Amahuaca,tzácaa,(nf.)
1014-hanaaca,Amahuaca,hánaacá,(n.)
1015-povi,Amahuaca,poví,(n.)
1016-vutza,Amahuaca,vutzá,(n.)
1017-choca,Amahuaca,chóca,(nf.)
1018-pi,Amahuaca,pí,(nf.)
1019-titi,Amahuaca,títi,(nf.)
1020-chipi,Amahuaca,chipí,(nf.)
1021-jochi,Amahuaca,jochí,(nm.)
1022-vuvoca,Amahuaca,vúvocá,(nm.)
1023-chami,Amahuaca,chamí,(nm.)
1024-covinquin,Amahuaca,covínquin,(vt.)
1025-tai,Amahuaca,taí,(nf.)
1026-vazi,Amahuaca,vazí,(nf.)
1027-taca,Amahuaca,tacá,(nm.)
1028-xanconmaha,Amahuaca,xánconmahá,(nf.)
1029-vacujoni,Amahuaca,vácu-jóni,(nm.)
1030-vacuxano,Amahuaca,vácu-xáno,(nf.)
1031-taco,Amahuaca,táco,(nm.)
1032-jocoquin,Amahuaca,jocóquin,(vt.)
1033-toroxquin,Amahuaca,toróxquin,(vt.)
1034-xapoquin,Amahuaca,xapóquin,(vt.)
1035-joco,Amahuaca,jóco,(nm.)
1036-yomun,Amahuaca,yómun,(nm.)
1037-chachiquin,Amahuaca,cháchiquín,(vt.)
1038-novahqui,Amahuaca,nováhqui,(vi.)
1039-tzucohi,Amahuaca,tzúcohí,(vi.)
1040-jati,Amahuaca,jatí,(nm.)
1041-puhi,Amahuaca,púhi,(nf.)
1042-jochi,Amahuaca,jochí,(nm.)
1043-joni,Amahuaca,joní,(nm.)
1044-puxacaa,Amahuaca,púxacáá,(nm.)
1045-cono,Amahuaca,conó,(nm.)
1046-conoxau,Amahuaca,cóno-xáu,(nm.)
1047-nichinti,Amahuaca,níchintí,(nm.)
1048-jima,Amahuaca,jíma,(nf.)
1049-tzoona,Amahuaca,tzooná,(nm.)
1050-mutax,Amahuaca,mútax,(nf.)
1051-rama,Amahuaca,ráma,(adv.)
1052-marivinahuanchaco,Amahuaca,mári-vináhuanchaco,(nf.)
1053-ramphoceluscarbocon,Amahuaca,ramphocelus carbocon,(nf.)
1054-pishcaa,Amahuaca,píshcaa,(nm.)
1055-yaa,Amahuaca,yáá,(nf.)
1056-rocanha,Amahuaca,rócanhá,(nm.)
1057-shinonha,Amahuaca,shinón ha,(nm.)
1058-vaza,Amahuaca,vazá,(nf.)
1059-muxco,Amahuaca,muxcó,(nm.)
1060-maixantoo,Amahuaca,mai-xántoo,(nm.)
1061-puisca,Amahuaca,puísca,(nm.)
1062-quini,Amahuaca,quíni,(nm.)
1063-ruoo,Amahuaca,rúoo,(nm.)
1064-xantoo,Amahuaca,xántoo,(nm.)
1065-xovii,Amahuaca,xóvii,(nm.)
1066-hoveaputzputzni,Amahuaca,-ho (Vea putz-pútzni),(nm.)
1067-hivoma,Amahuaca,hivóma,(n.)
1068-xao,Amahuaca,xaó,(nm.)
1069-vachi,Amahuaca,vachí,(nma.)
1070-pani,Amahuaca,paní,(nm.)
1071-honuuhi,Amahuaca,hónuuhí,(vi.)
1072-paxahicahi,Amahuaca,páxahicáhi,(vi.)
1073-xoninha,Amahuaca,xoninhá,(nf.)
1074-nanu,Amahuaca,nánu,(nm.)
1075-mizi,Amahuaca,mízi,(nf.)
1076-cohin,Amahuaca,cohin,(nm.)
1077-jiquihi,Amahuaca,jíquihí,(vi.)
1078-vuhihi,Amahuaca,vúhihí,(vi.)
1079-hizan,Amahuaca,hízan,(nm.)
1080-jupuhzan,Amahuaca,jupúhzan,(nf.)
1081-jovi,Amahuaca,jóvi,(nm.)
1082-yovan,Amahuaca,yóvan,(nm.)
1083-xucuu,Amahuaca,xúcuu,(nf.)
1084-jotaquin,Amahuaca,jótaquín,(vt.)
1085-tanaquin,Amahuaca,tánaquín,(vt.)
1086-hatima,Amahuaca,hátimá,(adj.)
1087-cuxcanquin,Amahuaca,cúxcanquín,(vt.)
1088-cuxcanhi,Amahuaca,cúxcanhí,(vi.)
1089-jovonquin,Amahuaca,jóvonquín,(vt.)
1090-mutonquin,Amahuaca,mútonquín,(vt.)
1091-honarmaquin,Amahuaca,hónarmáquin,(vt.)
1092-hisho,Amahuaca,hishó,(adj.)
1093-januquin,Amahuaca,jánuquín,(vt.)
1094-shinanyaintestinosrmpoco,Amahuaca,shínanyáintestinos (rm) póco,(adj.)
1095-chachiquin,Amahuaca,cháchiquín,(vt.)
1096-cahi,Amahuaca,cáhi,(vi.)
1097-vohi,Amahuaca,vóhi,(vi.)
1098-taa,Amahuaca,táá,(nf.)
1099-jonpox,Amahuaca,jónpox,(nm.)
1100-quinxon,Amahuaca,quínxon,(nm.)
1101-nazi,Amahuaca,názi,(nf.)
1102-vona,Amahuaca,voná,(nf.)
1103-poquihri,Amahuaca,poquíhri,(nf.)
1104-hitzapa,Amahuaca,hítzapá,(nm.)
1105-javon,Amahuaca,jávon,(nm.)
1106-pohinpohinzaquirihca,Amahuaca,póhin-póhin-zaquiríhca,(nm.)
1107-xancanhqui,Amahuaca,xancánhqui,(vi.)
1108-hinanha,Amahuaca,hinánha,(nm.)
1109-tiniquin,Amahuaca,tíniquín,(vt.)
1110-xaraquin,Amahuaca,xaráquin,(vt.)
1111-shirinhca,Amahuaca,shirínhca,(nm.)
1112-coshi,Amahuaca,coshí,(nm.)
1113-hapo,Amahuaca,hápo,(nm.)
1114-yovaajergonmshanoo,Amahuaca,yóvaajergón (m) shánoo,(nm.)
1115-maxo,Amahuaca,maxó,(nm.)
1116-xontaco,Amahuaca,xóntacó,(nf.)
1117-mucaahi,Amahuaca,múcaahí,(vi.)
1118-junu,Amahuaca,junú,(nm.)
1119-topiquin,Amahuaca,tópiquín,(vt.)
1120-cuxaa,Amahuaca,cúxaa,(nm.)
1121-paoxquin,Amahuaca,paóxquin,(vt.)
1122-ratzaquin,Amahuaca,rátzaquín,(vt.)
1123-tatuquin,Amahuaca,tátuquín,(vt.)
1124-para,Amahuaca,pára,(nm.)
1125-hiva,Amahuaca,híva,(adv.)
1126-maxcaa,Amahuaca,máxcaa,(adv.)
1127-vunpinhcaa,Amahuaca,vunpính caa,(nm.)
1128-tuo,Amahuaca,tuó,(nf.)
1129-xavo,Amahuaca,xavó,(nf.)
1130-xavonhalagartocaspi,Amahuaca,xavón halagarto caspi,(nf.)
1131-callophyllum,Amahuaca,callophyllum,(nf.)
1132-hinojii,Amahuaca,híno-jíí,(nm.)
1133-hinyan,Amahuaca,hínyan,(nm.)
1134-jununha,Amahuaca,junúnha,(nm.)
1135-vuhon,Amahuaca,vúhon,(nf.)
1136-taxoquin,Amahuaca,táxoquín,(vt.)
1137-chicaro,Amahuaca,chicáro,(nf.)
1138-cunuuti,Amahuaca,cunúúti,(nm.)
1139-cunuuti,Amahuaca,cunúúti,(rm.)
1140-chaii,Amahuaca,chaíí,(adj.)
1141-chacaaquin,Amahuaca,chácaaquín,(vt.)
1142-chocaquin,Amahuaca,chóca quín,(vt.)
1143-nachooquin,Amahuaca,náchooquín,(vt.)
1144-patzaquin,Amahuaca,pátzaquín,(vt.)
1145-choquiihilechuza,Amahuaca,chóquiihílechuza,(vi.)
1146-nyctibeusgriseusglau,Amahuaca,nyctibeus griseus glau,(vi.)
1147-naacano,Amahuaca,naacá no,(nm.)
1148-popo,Amahuaca,popó,(nm.)
1149-xoxo,Amahuaca,xoxó,(nm.)
1150-yovanhi,Amahuaca,yóvanhí,(vt.)
1151-vupo,Amahuaca,vupó,(nf.)
1152-vizna,Amahuaca,vízna,(adv.)
1153-jana,Amahuaca,jána,(nf.)
1154-jovi,Amahuaca,jóvi,(nf.)
1155-yovan,Amahuaca,yóvan,(nf.)
1156-nutan,Amahuaca,nútan,(nf.)
1157-caro,Amahuaca,cáro,(nf.)
1158-cunuu,Amahuaca,cúnuu,(nf.)
1159-hiyaaquin,Amahuaca,híyaaquín,(vt.)
1160-vuniquin,Amahuaca,vúni quín,(vt.)
1161-zananquin,Amahuaca,zánanquín,(vt.)
1162-vuniihi,Amahuaca,vúniihí,(vi.)
1163-vuzohi,Amahuaca,vúzohí,(vi.)
1164-zantan,Amahuaca,zántan,(nf.)
1165-quirica,Amahuaca,quiricá,(nm.)
1166-xaquiquin,Amahuaca,xaquíquin,(vt.)
1167-zunun,Amahuaca,zúnun,(nm.)
1168-cachavin,Amahuaca,cáchavín,(nm.)
1169-junu,Amahuaca,junú,(nm.)
1170-vacho,Amahuaca,vachó,(adj.)
1171-xata,Amahuaca,xatá,(adj.)
1172-vaton,Amahuaca,váton,(nf.)
1173-nihihino,Amahuaca,níhi-hinó,(nm.)
1174-vaahocanha,Amahuaca,váá hócanhá,(nm.)
1175-cumo,Amahuaca,cumó,(adj.)
1176-chixun,Amahuaca,chixun,(nf.)
1177-nohin,Amahuaca,nóhin,(nf.)
1178-vaacoroloro,Amahuaca,váá- córo  loro,(nm.)
1179-amazonaochrocephala,Amahuaca,amazona ochrocephala,(nm.)
1184-toshi,Amahuaca,toshí,(nm.)
1185-canarono,Amahuaca,cána-róno,(nm.)
1186-cocosh,Amahuaca,cócosh,(nf.)
1187-jati,Amahuaca,jatí,(nm.)
1188-hoxu,Amahuaca,hóxu,(nf.)
1189-muiz,Amahuaca,múiz,(nm.)
1190-vohi,Amahuaca,vóhi,(nf.)
1191-xono,Amahuaca,xonó,(nf.)
1192-juruuti,Amahuaca,júruutí,(nf.)
1193-nutu,Amahuaca,nutú,(nf.)
1194-cunaahi,Amahuaca,cúnaahí,(vi.)
1195-zapa,Amahuaca,zapá,(adj.)
1196-nocoohi,Amahuaca,nócoohí,(vi.)
1197-maanaquin,Amahuaca,máánaquín,(vt.)
1198-vopaquin,Amahuaca,vopáquin,(vt.)
1199-vopahi,Amahuaca,vópahí,(vi.)
1200-yanihqui,Amahuaca,yaníh qui,(vi.)
1201-vopa,Amahuaca,vópa,(adj.)
1202-yani,Amahuaca,yaní,(adj.)
1203-hiyoquin,Amahuaca,híyoquín,(vt.)
1204-nutuquin,Amahuaca,nútuquín,(vt.)
1205-puuvahinhqui,Amahuaca,púúváhinhquí,(vt.)
1206-tohinvahinhqui,Amahuaca,tóhinváhinhqui,(vt.)
1207-voquin,Amahuaca,vóquin,(vt.)
1208-zauhqui,Amahuaca,záuhquí,(vt.)
1209-harahqui,Amahuaca,haráhqui,(vi.)
1210-shanshannahahi,Amahuaca,shánshan náhahi,(vi.)
1211-hovihqui,Amahuaca,hovíhqui,(vi.)
1212-vazivazihqui,Amahuaca,vázi-vazíhqui,(vi.)
1213-hovi,Amahuaca,hóvi,(nf.)
1214-vino,Amahuaca,víno,(nf.)
1215-chacaquin,Amahuaca,chácaquín,(vt.)
1216-maztanquin,Amahuaca,maztán quin,(vt.)
1217-ruruquin,Amahuaca,rúruquín,(vt.)
1218-maztanti,Amahuaca,máztantí,(nm.)
1219-machito,Amahuaca,machíto,(nm.)
1220-mutoo,Amahuaca,mútoo,(nf.)
1221-chanoquin,Amahuaca,chánoquín,(vt.)
1222-jii,Amahuaca,jíí,(nf.)
1223-haveapadre,Amahuaca,-ha (Vea padre),(nf.)
1224-xuu,Amahuaca,xúú,(nf.)
1225-cani,Amahuaca,caní,(adj.)
1226-jovu,Amahuaca,jóvu,(adj.)
1227-pozi,Amahuaca,pózi,(adj.)
1228-canihi,Amahuaca,cánihí,(vi.)
1229-chishocoohi,Amahuaca,chíshocoohí,(vi.)
1230-jovuhi,Amahuaca,jóvuhí,(vi.)
1231-pozihi,Amahuaca,pózihí,(vi.)
1232-pitzinahahi,Amahuaca,pitzináhahi,(vi.)
1233-pitzinaha,Amahuaca,pítzináha,(nf.)
1234-xuqui,Amahuaca,xúqui,(nm.)
1235-hano,Amahuaca,hanó,(nm.)
1236-hiroma,Amahuaca,híromá,(adj.)
1237-hatima,Amahuaca,hátimá,(adj.)
1238-muhuquin,Amahuaca,múhuquín,(vt.)
1239-muhucuuhi,Amahuaca,muhúcuuhí,(vi.)
1240-shuho,Amahuaca,shúho,(adj.)
1241-haveapadre,Amahuaca,-ha (Vea padre),(nf.)
1242-vaquin,Amahuaca,váquin,(nf.)
1243-janaca,Amahuaca,jánacá,(nm.)
1244-munto,Amahuaca,muntó,(adj.)
1245-muiz,Amahuaca,múiz,(nf.)
1246-nichinquin,Amahuaca,níchinquín,(vt.)
1247-covii,Amahuaca,cóvii,(nf.)
1248-yamixao,Amahuaca,yámi-xáo,(nm.)
1249-yancosh,Amahuaca,yáncosh,(nm.)
1250-muuti,Amahuaca,muutí,
1251-mancova,Amahuaca,mancóva,(nm.)
1252-tama,Amahuaca,tamá,(nm.)
1253-mucun,Amahuaca,múcun,(nf.)
1254-hina,Amahuaca,hína,(adj.)
1255-tanahma,Amahuaca,tánahmá,(adj.)
1256-xuni,Amahuaca,xuní,(nf.)
1257-vuxmipimati,Amahuaca,vúxmipímati,(nm.)
1258-tuton,Amahuaca,túton,(nf.)
1259-nontu,Amahuaca,nóntu,(adv.)
1260-nayamaquisapa,Amahuaca,-náyamaquisapa,(adv.)
1261-ateleshtermarginalus,Amahuaca,ateleshter marginalus,(adv.)
1263-jununha,Amahuaca,junúnha,(nm.)
1264-vuropaznaahi,Amahuaca,vúro-páznaa hí,(vi.)
1265-zunun,Amahuaca,zúnun,(nm.)
1266-vunu,Amahuaca,vunú,(nm.)
1267-cocoshtovi,Amahuaca,cócoshtóvi,(nf.)
1268-haapao,Amahuaca,haapáo,(nf.)
1269-jozo,Amahuaca,jozó,(nf.)
1270-maztanquin,Amahuaca,maztánquin,(vt.)
1271-maztantimartinpescadorjunuchaxa,Amahuaca,máztantímartín pescador júnu-cháxa,(nm.)
1272-hatzatocon,Amahuaca,hátza-tócon,(nm.)
1273-vinpan,Amahuaca,vínpan,(nm.)
1274-nacaquin,Amahuaca,nácaquin,(vt.)
1275-hayanquin,Amahuaca,hayánquin,(vt.)
1276-rutuquin,Amahuaca,rútuquín,(vt.)
1277-vutun,Amahuaca,vútun,(nf.)
1278-hiya,Amahuaca,híya,(pn.)
1279-vuyonquin,Amahuaca,vúyonquín,(vt.)
1280-muxcoronti,Amahuaca,múxco-rontí,(nm.)
1281-rahoo,Amahuaca,rahóó,(nf.)
1282-mazpananan,Amahuaca,mázpanánan,(nm.)
1283-shinanhi,Amahuaca,shínanhí,(vi.)
1284-tamo,Amahuaca,tamó,(nf.)
1285-yaconquin,Amahuaca,yacónquin,(vt.)
1286-hontzahi,Amahuaca,hóntzahí,(vi.)
1287-tzahi,Amahuaca,tzahí,(vi.)
1288-mucunpapii,Amahuaca,múcun-pápii,(nm.)
1289-vuxnuuhi,Amahuaca,vúxnuuhí,(vi.)
1290-hoxu,Amahuaca,hóxu,(nm.)
1291-jiritapan,Amahuaca,jíri-tápan,(nf.)
1292-manuquin,Amahuaca,mánuquín,(vt.)
1293-joziquin,Amahuaca,józiquín,(vt.)
1294-nuyooquin,Amahuaca,núyoo quín,(vt.)
1295-jozihi,Amahuaca,józihí,(vi.)
1296-vashi,Amahuaca,vashí,(adj.)
1297-hiya,Amahuaca,híya,(pn.)
1298-hun,Amahuaca,hun,(pn.)
1299-racuu,Amahuaca,rácuu,(nm.)
1300-jaya,Amahuaca,jayá,(nf.)
1301-mishquin,Amahuaca,míshquin,(nf.)
1302-rapichi,Amahuaca,rapí chi,(nf.)
1303-muzu,Amahuaca,múzu,(nf.)
1304-huna,Amahuaca,huná,(pn.)
1305-hiinhi,Amahuaca,hiinhí,(vi.)
1306-caxcu,Amahuaca,caxcú,(nf.)
1307-cono,Amahuaca,conó,(nm.)
1308-muchaaquin,Amahuaca,muchááquin,(vt.)
1309-mucha,Amahuaca,múcha,(adj.)
1310-muchahi,Amahuaca,múchahí,(vi.)
1311-hovanhqui,Amahuaca,hovánhqui,(vi.)
1312-yapa,Amahuaca,yápa,(nf.)
1313-zanin,Amahuaca,zánin,(nf.)
1314-ruruquin,Amahuaca,rúruquín,(vt.)
1315-vachinhqui,Amahuaca,vachínhqui,(vi.)
1316-zinaahqui,Amahuaca,zínááhqui,(vi.)
1317-voyon,Amahuaca,vóyon,(adj.)
1318-hizo,Amahuaca,hízo,(nm.)
1319-matonco,Amahuaca,mátoncó,(nf.)
1320-nihi,Amahuaca,níhi,(nm.)
1321-chancanquin,Amahuaca,chancánquin,(vt.)
1322-natuxquin,Amahuaca,nátux quín,(vt.)
1323-piquin,Amahuaca,píquin,(vt.)
1324-tuxaquin,Amahuaca,túxaquín,(vt.)
1325-nahi,Amahuaca,náhi,(vi.)
1326-nocahi,Amahuaca,nócahí,(vi.)
1327-ruzohi,Amahuaca,rúzohí,(vi.)
1328-coshtoohca,Amahuaca,coshtóóhca,(vi.)
1329-naca,Amahuaca,nacá,(nf.)
1330-hoxati,Amahuaca,hóxatí,(nm.)
1331-vachi,Amahuaca,vachí,(nm.)
1332-canxo,Amahuaca,canxó,(nf.)
1333-xau,Amahuaca,xaú,(nm.)
1334-vanahi,Amahuaca,vánahí,(vi.)
1335-vuncuhi,Amahuaca,vúncuhí,(vi.)
1336-xucuuhi,Amahuaca,xúcuuhí,(vi.)
1337-xucuucanhinhi,Amahuaca,xúcuucánhinhí,(vi.)
1338-cahtin,Amahuaca,cáhtin,(adj.)
1339-hicha,Amahuaca,hicha,(adj.)
1340-naha,Amahuaca,náha,(adj.)
1341-janto,Amahuaca,jantó,(adj.)
1342-machapa,Amahuaca,máchapá,(nf.)
1343-nahaa,Amahuaca,naháá,(adj.)
1344-xano,Amahuaca,xáno,(nf.)
1345-shimon,Amahuaca,shimón,(nf.)
1346-mapooyora,Amahuaca,mápoo-yóra,(nf.)
1347-muvoxco,Amahuaca,muvóxco,(nf.)
1348-cashi,Amahuaca,cashí,(nm.)
1349-cashinha,Amahuaca,cáshinhá,(nm.)
1350-ponchon,Amahuaca,pónchon,(nm.)
1351-postoo,Amahuaca,póstoo,(nm.)
1352-tutusti,Amahuaca,tutústi,(nm.)
1353-quishi,Amahuaca,quishí,(nm.)
1354-corvin,Amahuaca,-córvin,(adj.)
1355-naxihii,Amahuaca,náxihií,(vi.)
1356-vuhaquin,Amahuaca,vúhaquín,(vi.)
1357-chixo,Amahuaca,chixó,(nf.)
1358-ruquin,Amahuaca,rúquin,(nf.)
1359-jovihi,Amahuaca,jóvihí,(vi.)
1360-chachivoquin,Amahuaca,cháchivóquin,(vt.)
1361-nishvun,Amahuaca,níshvun,(nf.)
1362-muronhi,Amahuaca,múronhí,(vt.)
1363-chaho,Amahuaca,cháho,(adj.)
1364-cuchux,Amahuaca,cúchux,(adj.)
1365-naha,Amahuaca,náha,(nm.)
1366-nishvun,Amahuaca,níshvun,(nf.)
1367-vava,Amahuaca,váva,(n.)
1368-xota,Amahuaca,xóta,(n.)
1369-manzanninomvacu,Amahuaca,mánzanniño (m) vacú,(nf.)
1370-vuronatonoexcjiya,Amahuaca,vúro-nátono (exc) jiyá,(nf.)
1371-maqui,Amahuaca,máqui,(nf.)
1372-yama,Amahuaca,yamá,(nf.)
1373-ma,Amahuaca,-má,(nf.)
1374-yamuu,Amahuaca,yámuu,(nf.)
1375-janu,Amahuaca,jánu,(nm.)
1376-nocu,Amahuaca,nócu,(pn.)
1377-non,Amahuaca,non,(pn.)
1378-naicohin,Amahuaca,nai-cóhin,(nf.)
1379-mapochincan,Amahuaca,mápo-chíncan,(nf.)
1380-vavanha,Amahuaca,vávanhá,(nf.)
1381-nocun,Amahuaca,nócun,(pn.)
1382-nocunna,Amahuaca,nócunná,(pn.)
1383-vunaa,Amahuaca,vúnaa,(adj.)
1384-junuhno,Amahuaca,junúhno,(nf.)
1385-vonzin,Amahuaca,vónzin,(nf.)
1386-shinii,Amahuaca,shínii,(nf.)
1387-nincaaquin,Amahuaca,níncaaquín,(vt.)
1388-varijiquihaioigaexcmaii,Amahuaca,vári-jiquiháíoiga (exc) maíi,(nm.)
1389-pi,Amahuaca,pí,(nm.)
1390-nincaaquin,Amahuaca,níncaaquín,(vt.)
1391-xonvii,Amahuaca,xónvii,(nm.)
1392-vuro,Amahuaca,vúro,(nm.)
1393-vuchon,Amahuaca,vúchon,(nf.)
1394-xutuuhi,Amahuaca,xútuuhí,(vi.)
1395-xutuquin,Amahuaca,xútuquín,(vt.)
1396-chucochuco,Amahuaca,chúco-chúco,(nm.)
1397-pizi,Amahuaca,pizí,(nm.)
1398-viya,Amahuaca,viyá,(nm.)
1399-jutuu,Amahuaca,jútuu,(adj.)
1400-shinanyamaquin,Amahuaca,shínanyámaquín,(vt.)
1401-cuntii,Amahuaca,cúntii,(nf.)
1402-cuzpo,Amahuaca,cúzpo,(nf.)
1403-tazo,Amahuaca,tázo,(nf.)
1404-nato,Amahuaca,náto,(nm.)
1405-pavinqui,Amahuaca,pavínqui,(nf.)
1406-papii,Amahuaca,pápii,(nf.)
1407-jinzonhi,Amahuaca,jínzonhí,(vi.)
1408-jinzon,Amahuaca,jínzon,(nf.)
1409-vinshinsharaa,Amahuaca,vínshin-sháraa,(adj.)
1410-hishishmovu,Amahuaca,híshish móvu,(nf.)
1411-tatiz,Amahuaca,tátiz,(nf.)
1412-yamuuhi,Amahuaca,yámuuhí,(vi.)
1413-cuchuxosohormiguero,Amahuaca,cúchuxoso hormiguero,(adj.)
1414-mermecophaga,Amahuaca,mermecophaga,(adj.)
1415-vii,Amahuaca,víí,(nm.)
1416-xahu,Amahuaca,xáhu,(nm.)
1417-hinanha,Amahuaca,hinánha,(nm.)
1418-dihanaa,Amahuaca,(DI) hánaa,(adv.)
1419-dshunaa,Amahuaca,(DS) húnaa,(adv.)
1420-rami,Amahuaca,ramí,(adj.)
1421-ratzi,Amahuaca,rátzi,(adj.)
1422-vutza,Amahuaca,vútza,(adj.)
1423-tza,Amahuaca,-tza,(adj.)
1424-voxcaoyeexcmaii,Amahuaca,vóxcaoye (exc) maíi,(nm.)
1425-pi,Amahuaca,pí,(nm.)
1426-paca,Amahuaca,pacá,(nf.)
1427-hazapa,Amahuaca,házapa,(nm.)
1428-pa,Amahuaca,-pa,(nm.)
1429-hupa,Amahuaca,"húpa,",
1430-mipa,Amahuaca,"mípa,",
1431-japa,Amahuaca,jápa,
1432-copiiquin,Amahuaca,copííquin,(vt.)
1433-vamu,Amahuaca,vámu,(nm.)
1434-caivo,Amahuaca,cáívo,(n.)
1435-hitzaa,Amahuaca,hítzaa,(nm.)
1436-jovi,Amahuaca,jóvi,(nf.)
1437-yovan,Amahuaca,yóvan,(nf.)
1438-mazuruti,Amahuaca,mazurúti,(nm.)
1439-muox,Amahuaca,múox,(adj.)
1440-taxa,Amahuaca,táxa,(nf.)
1441-mucunnataa,Amahuaca,múcun-nátaa,(nf.)
1442-paoxpaoxhqui,Amahuaca,paóx- paóxhqui,(vi.)
1443-jupu,Amahuaca,jupú,(nf.)
1444-jiipaloma,Amahuaca,jíípaloma,(nm.)
1445-columbinatalpacoti,Amahuaca,"columbina talpacoti,",(nm.)
1447-pichaa,Amahuaca,píchaa,(nf.)
1448-paratai,Amahuaca,páratái,(nf.)
1449-yozo,Amahuaca,yózo,(nm.)
1450-vachi,Amahuaca,vachí,(nf.)
1451-mano,Amahuaca,máno,(nm.)
1452-chonca,Amahuaca,choncá,(nf.)
1453-xunuri,Amahuaca,xunurí,(nf.)
1454-chiraxati,Amahuaca,chíraxáti,(nm.)
1455-hinyan,Amahuaca,hínyan,(nm.)
1456-chonvi,Amahuaca,chonví,(nf.)
1457-pova,Amahuaca,póva,(nf.)
1458-hupaveapadre,Amahuaca,húpa (Vea padre),(nm.)
1459-naanvimi,Amahuaca,naanvími,(nf.)
1460-naimi,Amahuaca,naimí,(nf.)
1461-quirica,Amahuaca,quiricá,(nm.)
1462-racopararlalluviacanuzhi,Amahuaca,rácoparar (la lluvia) cánuzhi,(nm.)
1463-nihi,Amahuaca,níhi,(vi.)
1464-chicuu,Amahuaca,chícuu,(nm.)
1465-caivo,Amahuaca,cáívo,(nm.)
1466-nami,Amahuaca,námi,(nm.)
1467-vurocatu,Amahuaca,vúro-cátu,(nm.)
1468-puxuuhitcaxcuquin,Amahuaca,púxuuhí (t) cáxcu quín,(vi.)
1469-capoocuhi,Amahuaca,cápoocúhi,(vi.)
1470-ruxohi,Amahuaca,rúxohí,(vi.)
1471-vinohqui,Amahuaca,vinóhqui,(vi.)
1472-vazi,Amahuaca,vazí,(nm.)
1473-xachi,Amahuaca,xachí,(nm.)
1474-manzun,Amahuaca,mánzun,(nm.)
1475-catizquin,Amahuaca,catízquin,(vt.)
1476-nonon,Amahuaca,nónon,(nm.)
1477-chanapaucar,Amahuaca,chána  paucar,(nm.)
1478-conioptilonmeilhenn,Amahuaca,conioptilon meilhenn,(nm.)
1479-coruxcapaucar,Amahuaca,corúxca  paucar,(nm.)
1480-ostinopsdecumanus,Amahuaca,ostinops decumanus,(nm.)
1482-janzinpavadelmonte,Amahuaca,jánzinpava del monte,(nm.)
1483-pipilecumanesis,Amahuaca,pipile cumanesis,(nm.)
1485-corocoro,Amahuaca,córocóro,(nm.)
1486-muiz,Amahuaca,múiz,(nf.)
1487-jono,Amahuaca,jóno,(nm.)
1488-taxopecosoajtotototoni,Amahuaca,táxopecoso (aj) tototótoni,(n.)
1489-vutashivutashinhca,Amahuaca,vuta shí-vutashínhca,(n.)
1490-chocho,Amahuaca,chochó,(nm.)
1491-xochi,Amahuaca,xochí,(nm.)
1492-caxcu,Amahuaca,caxcú,(nm.)
1493-pacux,Amahuaca,pácux,(nm.)
1494-pishta,Amahuaca,píshta,(nm.)
1495-tucuu,Amahuaca,túcuu,(nm.)
1496-vuxcuutza,Amahuaca,vuxcúútza,(nm.)
1497-yocaaquin,Amahuaca,yócaaquín,(vt.)
1498-coshaquin,Amahuaca,cóshaquín,(vt.)
1499-cupazquin,Amahuaca,cúpazquín,(vt.)
1500-muhuquin,Amahuaca,múhuquín,(vt.)
1501-nutanquin,Amahuaca,nútanquín,(vt.)
1502-taxnaquin,Amahuaca,táxnaquín,(vt.)
1503-pazquinveaagujerear,Amahuaca,-pázquin (Vea agujerear),(vt.)
1504-cuno,Amahuaca,cunó,(adj.)
1505-hanin,Amahuaca,hánin,(adj.)
1506-vooxuhuhi,Amahuaca,vooxúhuhi,(vi.)
1507-voxti,Amahuaca,vóxti,(nm.)
1508-raxcoquin,Amahuaca,ráxcoquín,(vt.)
1509-ratzaquin,Amahuaca,rátzaquin,(vt.)
1510-raxcoocohi,Amahuaca,ráxcoocohi,(vt.)
1511-vuroquin,Amahuaca,vuróquin,(vt.)
1512-xocaquin,Amahuaca,xócaquín,(vt.)
1513-xocoohi,Amahuaca,xócoohí,(vt.)
1514-muhunnahi,Amahuaca,muhúnnahí,(vi.)
1515-nahin,Amahuaca,náhin,(nm.)
1516-pozun,Amahuaca,pózun,(nm.)
1517-racuu,Amahuaca,rácuu,(adj.)
1518-voo,Amahuaca,vóó,(nm.)
1519-pishcanranti,Amahuaca,píshcan-ránti,(nm.)
1520-pirota,Amahuaca,piróta,(nf.)
1521-chamax,Amahuaca,chámax,(nf.)
1522-rani,Amahuaca,ráni,(nf.)
1523-xopoo,Amahuaca,xópoo,(nf.)
1524-chincanpaxcaa,Amahuaca,chíncan-páxcaa,(nf.)
1525-hotuxquin,Amahuaca,hótuxquín,(vt.)
1526-muronhi,Amahuaca,múronhí,(vi.)
1527-voxqui,Amahuaca,vóxqui,(nm.)
1528-shinanhi,Amahuaca,shínanhí,(vi.)
1529-shinan,Amahuaca,shínan,(nm.)
1530-jazto,Amahuaca,jaztó,(adj.)
1531-mishtin,Amahuaca,míshtin,(adj.)
1532-pishta,Amahuaca,píshta,(adj.)
1533-vunoquin,Amahuaca,vúnoquín,(vt.)
1534-vunohi,Amahuaca,vúnohí,(vi.)
1535-shoro,Amahuaca,shoró,(nf.)
1536-cocanxovuuca,Amahuaca,cócan-xovúúca,(nf.)
1537-coma,Amahuaca,comá,(nf.)
1538-comanha,Amahuaca,cománha,(nf.)
1539-xanxara,Amahuaca,xanxára,(nf.)
1540-vucon,Amahuaca,vúcon,(nf.)
1541-coranhca,Amahuaca,coránhca,(nf.)
1542-tavutavuhi,Amahuaca,"távu-távuhí,",(vi.)
1543-ramanquin,Amahuaca,rámanquín,(vt.)
1544-vuaquin,Amahuaca,vúaquín,(vt.)
1545-hino,Amahuaca,hinó,(nm.)
1546-chivanquin,Amahuaca,chívanquín,(vt.)
1547-cuztoo,Amahuaca,cúztoo,(adj.)
1548-hiyu,Amahuaca,hiyú,(adj.)
1549-haxanquin,Amahuaca,haxánquin,(vt.)
1550-mishquinquin,Amahuaca,míshquin quín,(vt.)
1551-ricanquin,Amahuaca,rícanquín,(vt.)
1552-vuxmi,Amahuaca,vúxmi,(nf.)
1553-vupuchohohi,Amahuaca,vúpuchóhohi,(vi.)
1554-pino,Amahuaca,píno,(nf.)
1555-shiya,Amahuaca,shiyá,(adj.)
1556-chachiquin,Amahuaca,cháchiquín,(vt.)
1557-quiyoquin,Amahuaca,quiyó quin,(vt.)
1558-tizinquin,Amahuaca,tízinquín,(vt.)
1559-tucaquin,Amahuaca,túcaquín,(vt.)
1560-tzacaquin,Amahuaca,tzácaquín,(vt.)
1561-shipi,Amahuaca,shípi,(nm.)
1562-tahu,Amahuaca,táhu,(nm.)
1563-tahuxacaa,Amahuaca,táhu xácaa,(nm.)
1564-mancan,Amahuaca,máncan,(nf.)
1565-maxax,Amahuaca,máxax,(nf.)
1566-xacaa,Amahuaca,xácaa,(nf.)
1567-quishi,Amahuaca,quishí,(nf.)
1568-quishtuu,Amahuaca,quíshtuu,(nf.)
1569-vitax,Amahuaca,vítax,(nf.)
1570-churupihuicho,Amahuaca,churú  pihuicho,(nm.)
1571-brotogerisvirescens,Amahuaca,brotogeris virescens,(nm.)
1575-panan,Amahuaca,pánan,(nm.)
1576-vaninpinsha,Amahuaca,váninpinsha,(nm.)
1577-pteroglossusbauharnaessi,Amahuaca,pteroglossus bauharnaessi,(nm.)
1580-xocurono,Amahuaca,xócu-róno,(nf.)
1581-xuno,Amahuaca,xúno,(nf.)
1582-cunuuquin,Amahuaca,cunúúquin,(vt.)
1583-cancan,Amahuaca,cáncan,(nf.)
1584-hiya,Amahuaca,híya,(nm.)
1585-vonta,Amahuaca,vónta,(nf.)
1586-macu,Amahuaca,macú,(nf.)
1587-titimitza,Amahuaca,títimitzá,(nf.)
1588-zacoo,Amahuaca,zácoo,(nm.)
1589-jamaaquin,Amahuaca,jámaaquín,(vt.)
1590-pohaquin,Amahuaca,póhaquín,(vt.)
1591-vuxnun,Amahuaca,vúxnun,(nm.)
1592-xaxoranti,Amahuaca,xaxoránti,(nm.)
1593-vacuxama,Amahuaca,vácu-xáma,(nf.)
1594-tanyanquin,Amahuaca,tányanquín,(vt.)
1595-zapa,Amahuaca,zapá,(adj.)
1596-vana,Amahuaca,vána,(nf.)
1597-viroro,Amahuaca,viróro,(nf.)
1598-tahunataa,Amahuaca,táhu nátaa,(nf.)
1599-vanaquin,Amahuaca,vánaquín,(vt.)
1600-coriiqui,Amahuaca,córiiquí,(nf.)
1601-tapan,Amahuaca,tápan,(nf.)
1602-maninha,Amahuaca,maninhá,(nm.)
1603-mishpoo,Amahuaca,míshpoo,(nf.)
1604-chonva,Amahuaca,chónva,(adj.)
1605-puhi,Amahuaca,púhi,(nf.)
1606-jazto,Amahuaca,jaztó,(adj.)
1607-mishtin,Amahuaca,míshtin,(adj.)
1608-pishta,Amahuaca,píshta,(adj.)
1609-toropishta,Amahuaca,tóro-píshta,(adj.)
1610-poztooquin,Amahuaca,póztooquín,(vt.)
1611-payohi,Amahuaca,páyohí,(vi.)
1612-hamo,Amahuaca,hamó,(adj.)
1613-payo,Amahuaca,páyo,(adj.)
1614-pitziha,Amahuaca,pítzihá,(adj.)
1615-manzan,Amahuaca,mánzan,(nf.)
1616-poto,Amahuaca,póto,(nm.)
1617-tantonoo,Amahuaca,tántonoó,(nm.)
1618-nitzti,Amahuaca,nítzti,(nf.)
1619-taoo,Amahuaca,táoo,(nf.)
1620-zino,Amahuaca,zíno,(nf.)
1621-ratanquin,Amahuaca,ratánquin,(vt.)
1622-tzahonquin,Amahuaca,tzáhon quín,(vt.)
1623-vaquin,Amahuaca,váquin,(vt.)
1624-chiparaa,Amahuaca,chipáraa,(nf.)
1625-chiviiquin,Amahuaca,chíviiquín,(vt.)
1626-cuzanon,Amahuaca,cuzánon,(int.)
1627-hivoquin,Amahuaca,hivóquin,(vt.)
1628-hati,Amahuaca,háti,(adv.)
1629-copii,Amahuaca,copíí,(nm.)
1630-juruuquin,Amahuaca,jurúúquin,(vt.)
1631-tziztoquin,Amahuaca,tzízto quín,(vt.)
1632-tohohi,Amahuaca,tóhohí,(vi.)
1633-hachi,Amahuaca,hachí,(n.)
1634-povira,Amahuaca,povirá,(n.)
1635-vutza,Amahuaca,vutzá,(n.)
1636-vutzahara,Amahuaca,vútza-hára,(n.)
1637-javiz,Amahuaca,jáviz,(adv.)
1638-paxcapaxcaquin,Amahuaca,páxca-páxcaquin,(vt.)
1639-tanaquin,Amahuaca,tánaquín,(vt.)
1640-toncopucacunga,Amahuaca,tóncopucacunga,(nf.)
1641-penelopejacquacu,Amahuaca,penelope jacquacu,(nf.)
1643-jima,Amahuaca,jíma,(nm.)
1644-juma,Amahuaca,júma,(nm.)
1645-junxaapocuta,Amahuaca,júnxaa-pócutá,(nm.)
1646-hiza,Amahuaca,hizá,(nm.)
1647-zapun,Amahuaca,zapún,(nm.)
1648-vuva,Amahuaca,vúva,(nf.)
1649-xupoti,Amahuaca,xúpotí,(nf.)
1650-hiya,Amahuaca,híya,(nf.)
1651-manzan,Amahuaca,mánzan,(nf.)
1652-mucunnuha,Amahuaca,múcunnúha,(nm.)
1653-tanxanpumagarza,Amahuaca,tánxanpuma garza,(nm.)
1654-tigrisomalineatum,Amahuaca,tigrisoma lineatum,(nm.)
1656-tzancaa,Amahuaca,tzáncaa,(nf.)
1657-ruvo,Amahuaca,rúvo,(nf.)
1658-vuronato,Amahuaca,vúro-náto,(nf.)
1659-coo,Amahuaca,cóó,(nm.)
1660-jau,Amahuaca,jáú,(int.)
1661-junxaa,Amahuaca,júnxaa,(nf.)
1662-muhuquin,Amahuaca,múhuquín,(vt.)
1663-muhucuuhi,Amahuaca,muhúcuuhí,(vi.)
1664-tucuuhi,Amahuaca,túcuuhí,(vi.)
1665-chaniihi,Amahuaca,chániihí,(vi.)
1666-cohaquin,Amahuaca,cóhaquín,(vt.)
1667-munoohi,Amahuaca,múnoohí,(vt.)
1668-cohoohi,Amahuaca,cóhoohí,(vi.)
1669-hoviquin,Amahuaca,hóviquín,(vt.)
1670-cuunhi,Amahuaca,cúunhí,(vt.)
1671-cuunyovaahi,Amahuaca,cúunyóvaahi,(vt.)
1672-nico,Amahuaca,-níco,(adj.)
1673-canaaxaun,Amahuaca,cánaa xáun,(nm.)
1674-tzova,Amahuaca,tzóva,(int.)
1675-toshmo,Amahuaca,tóshmo,(nf.)
1676-paxcan,Amahuaca,páxcan,(nm.)
1677-tuxca,Amahuaca,túxca,(nm.)
1678-tapon,Amahuaca,tápon,(nm.)
1679-caxcuquin,Amahuaca,cáxcuquín,(vt.)
1680-notzaquin,Amahuaca,nótzaquín,(vt.)
1681-jiiponyan,Amahuaca,jii-pónyan,(nf.)
1682-mutax,Amahuaca,mútax,(nf.)
1683-maxcoquin,Amahuaca,maxcóquin,(vt.)
1684-coshi,Amahuaca,coshí,(adv.)
1685-xovaxovahca,Amahuaca,xóva-xováhca,(nm.)
1686-cauxquin,Amahuaca,cáuxquín,(vt.)
1687-horaxquin,Amahuaca,hóraxquín,(vt.)
1688-puuzquin,Amahuaca,púúzquin,(vt.)
1689-muiquin,Amahuaca,múiquín,(vt.)
1690-nizaquin,Amahuaca,nízaquín,(vt.)
1691-rauxquin,Amahuaca,ráuxquín,(vt.)
1692-ratzaquin,Amahuaca,rátzaquín,(vt.)
1693-xotoquin,Amahuaca,xótoquín,(vt.)
1694-choviihi,Amahuaca,chovííhi,(vi.)
1695-vazaquin,Amahuaca,vazáquin,(vt.)
1696-vazimatzooti,Amahuaca,vázi-mátzoo ti,(nm.)
1697-maca,Amahuaca,macá,(nf.)
1698-xoya,Amahuaca,xóya,(nm.)
1699-hii,Amahuaca,híí,(nf.)
1700-pocuu,Amahuaca,pócuu,(nf.)
1701-napoquin,Amahuaca,nápoquín,(vt.)
1702-hachiquin,Amahuaca,háchiquín,(vt.)
1703-viquin,Amahuaca,víquin,(vt.)
1704-shinanhi,Amahuaca,shínanhí,(vi.)
1705-muchii,Amahuaca,múchii,(adj.)
1706-toro,Amahuaca,tóro,(adj.)
1707-jumahi,Amahuaca,júmahí,(vt.)
1708-mucahi,Amahuaca,múcahí,(vi.)
1709-canaa,Amahuaca,cánaa,(nm.)
1710-varitopo,Amahuaca,varitopó,(nm.)
1711-joro,Amahuaca,joró,(nm.)
1712-vinaquin,Amahuaca,vínaquín,(vt.)
1713-vinti,Amahuaca,vintí,(nm.)
1714-viriti,Amahuaca,vírití,(nm.)
1715-tanaquin,Amahuaca,tánaquín,(vt.)
1716-nari,Amahuaca,nári,(adj.)
1717-vucoo,Amahuaca,vúcoo,(nm.)
1718-zama,Amahuaca,záma,(nm.)
1719-vachinhqui,Amahuaca,vachínhqui,(vi.)
1720-haroquin,Amahuaca,hároquín,(vt.)
1721-rashquihqui,Amahuaca,rashquíhqui,(vi.)
1722-tayanzqui,Amahuaca,tayánzqui,(vi.)
1723-hinyan,Amahuaca,hínyan,(adj.)
1724-tayanz,Amahuaca,táyanz,(adj.)
1725-yoncon,Amahuaca,yóncon,(adj.)
1726-chihirucun,Amahuaca,chíhirúcun,(nm.)
1727-ruxohi,Amahuaca,rúxohí,(vi.)
1728-vupon,Amahuaca,vúpon,(nf.)
1729-jovinhi,Amahuaca,jóvinhí,(vi.)
1730-copiiquin,Amahuaca,copííquin,(vt.)
1731-vurahi,Amahuaca,vúrahí,(vi.)
1732-xucuuhi,Amahuaca,xúcuuhí,(vi.)
1733-yucuuhi,Amahuaca,yúcuuhí,(vi.)
1734-toohati,Amahuaca,tooháti,(nm.)
1735-tziztocohohi,Amahuaca,tzíztocóhohi,(vi.)
1736-paishqui,Amahuaca,paíshqui,(vi.)
1737-papashipapashihqui,Amahuaca,pápashí pápashíhqui,(vi.)
1738-puxuuhi,Amahuaca,púxuuhí,(vi.)
1739-cayahi,Amahuaca,cayáhi,(vi.)
1740-vuraahi,Amahuaca,vúraahí,(vi.)
1741-taranquin,Amahuaca,táranquín,(vt.)
1742-zavihireyezuelo,Amahuaca,závihíreyezuelo,(vi.)
1743-campylorhynchusturdi,Amahuaca,campylorhynchus turdi,(vi.)
1744-caronchonma,Amahuaca,cáron-chónma,(nm.)
1745-paxco,Amahuaca,páxco,(nm.)
1746-nihiz,Amahuaca,níhiz,(adj.)
1747-taunxco,Amahuaca,taunxcó,(nm.)
1748-junu,Amahuaca,junú,(nm.)
1749-jununha,Amahuaca,junúnha,(nm.)
1750-parovaca,Amahuaca,páro váca,(nm.)
1751-vihanquin,Amahuaca,víhanquín,(vt.)
1752-mancan,Amahuaca,máncan,(nf.)
1753-vazivazihqui,Amahuaca,vázi-vazíhqui,(vi.)
1754-nivii,Amahuaca,nívii,(nm.)
1755-chiyuxcuhuhi,Amahuaca,chíyuxcúhuhi,(vi.)
1756-rantonco,Amahuaca,rántoncó,(nf.)
1757-vinshin,Amahuaca,vínshin,(adj.)
1758-moxaquin,Amahuaca,móxaquín,(vt.)
1759-pohoquin,Amahuaca,póhoquín,(vt.)
1760-puuzquin,Amahuaca,púúzquin,(vt.)
1761-toshquinveaagujerear,Amahuaca,-tóshquin (Vea aguje rear,(vt.)
1762-toshiihi,Amahuaca,tóshiihí,(vi.)
1763-tucuuhi,Amahuaca,túcuuhí,(vi.)
1764-nuanhi,Amahuaca,núanhí,(vi.)
1765-jonvinhi,Amahuaca,jónvinhí,(vi.)
1766-chopa,Amahuaca,chópa,(nf.)
1767-moxi,Amahuaca,móxi,(adj.)
1768-ravoxco,Amahuaca,ravóxco,(nf.)
1769-zupaquin,Amahuaca,zúpaquín,(vt.)
1770-yapanha,Amahuaca,yápanhá,(nm.)
1771-honanhi,Amahuaca,honanhí,(vi.)
1772-povahi,Amahuaca,póvahí,(vi.)
1773-cazpaquin,Amahuaca,cázpaquín,(vt.)
1774-muxaquin,Amahuaca,muxáquin,(vt.)
1775-tzancaquin,Amahuaca,tzáncaquín,(vt.)
1776-tzucaquin,Amahuaca,tzúcaquín,(vt.)
1777-viquin,Amahuaca,víquin,(vt.)
1778-vuhaquin,Amahuaca,vúhaquín,(vt.)
1779-ziriquin,Amahuaca,ziríquin,(vt.)
1780-tariquin,Amahuaca,taríquin,(vt.)
1781-vanahi,Amahuaca,vánahí,(vt.)
1782-vishcovishcoquin,Amahuaca,víshco-víshcoquín,(vt.)
1783-zacozacoquin,Amahuaca,záco-záco quin,(vt.)
1784-chonvi,Amahuaca,chonvi,(nf.)
1785-pova,Amahuaca,póva,(nf.)
1786-haa,Amahuaca,háá,(nf.)
1787-jono,Amahuaca,jóno,(nm.)
1788-tashi,Amahuaca,tashí,(nf.)
1789-cainhi,Amahuaca,cáinhí,(vi.)
1790-joconhi,Amahuaca,jóconhí,(vi.)
1791-jontanvahinhi,Amahuaca,jóntanváhinhi,(vi.)
1792-jovanhi,Amahuaca,jóvanhí,(vi.)
1793-pitzqui,Amahuaca,pítz qui,(vi.)
1794-coshtoohca,Amahuaca,coshtóóhca,(nf.)
1795-tozaquin,Amahuaca,tózaquín,(vt.)
1796-cashtiihi,Amahuaca,cáshtiihí,(vi.)
1797-paraaxhqui,Amahuaca,parááxh qui,(vi.)
1798-pohqui,Amahuaca,póhqui,(vi.)
1799-mushacoquin,Amahuaca,múshacóquin,(vt.)
1800-cayahi,Amahuaca,cayáhi,(vi.)
1801-cayaquin,Amahuaca,cayáquin,(vi.)
1802-hiroohi,Amahuaca,híroohí,(vi.)
1803-horoohi,Amahuaca,hóroohí,(vi.)
1804-vohohi,Amahuaca,vóhohí,(vi.)
1805-vuraahi,Amahuaca,vúraa hí,(vi.)
1806-zantira,Amahuaca,zantíra,(nf.)
1807-jimi,Amahuaca,jimí,(nf.)
1808-cara,Amahuaca,cará,(nm.)
1809-xuno,Amahuaca,xúno,(nf.)
1810-yani,Amahuaca,yaní,(adj.)
1811-vupon,Amahuaca,vúpon,(nf.)
1812-xopan,Amahuaca,xópan,(nf.)
1813-choshihi,Amahuaca,chóshihí,(vi.)
1814-nutzoohi,Amahuaca,nútzoohí,(vi.)
1815-shinanhqui,Amahuaca,shinánhqui,(vi.)
1816-tanohi,Amahuaca,tánohí,(vi.)
1817-choshi,Amahuaca,choshí,(adj.)
1818-poto,Amahuaca,póto,(adj.)
1819-tano,Amahuaca,táno,(adj.)
1820-xana,Amahuaca,xána,(adj.)
1821-hayacatzanahi,Amahuaca,háyacátzanáhi,(vi.)
1822-maninha,Amahuaca,máninhá,(nf.)
1823-choronvahinquin,Amahuaca,chóronváhinquin,(vt.)
1824-chivanquin,Amahuaca,chívanquín,(vt.)
1825-chivanvoquin,Amahuaca,chívanvóquin,(vt.)
1826-havoquin,Amahuaca,hávo quín,(vt.)
1827-jontanquin,Amahuaca,jóntanquín,(vt.)
1828-tunanquin,Amahuaca,túnanquín,(vt.)
1829-nihi,Amahuaca,níhi,(nf.)
1830-chacaquin,Amahuaca,chacáquin,(vt.)
1831-vanaquin,Amahuaca,vána quín,(vt.)
1832-juxu,Amahuaca,juxú,(nf.)
1833-vuro,Amahuaca,vúro,(nf.)
1834-macayati,Amahuaca,mácayatí,(nf.)
1835-cutaxamuhqui,Amahuaca,cútaxámuhqui,(vi.)
1836-maniihi,Amahuaca,mániihí,(vi.)
1837-quiztoohi,Amahuaca,quíztoohí,(vi.)
1838-tzahoohi,Amahuaca,tzáhoohí,(vi.)
1839-vunohi,Amahuaca,vúnohí,(vi.)
1840-tzahooha,Amahuaca,tzáhoohá,(adj.)
1841-mutonquin,Amahuaca,mútonquín,(vt.)
1842-jahi,Amahuaca,jáhi,(vi.)
1843-capoquin,Amahuaca,cápoquín,(vi.)
1844-mapomurannoshansho,Amahuaca,mápo-múrannoshansho,(nm.)
1845-opisthocomushoazin,Amahuaca,opisthocomus hoazin,(nm.)
1847-canzin,Amahuaca,cánzin,(nf.)
1848-xunpan,Amahuaca,xúnpan,(nf.)
1849-xuvon,Amahuaca,xúvon,(nf.)
1850-coti,Amahuaca,cotí,(nm.)
1851-nuna,Amahuaca,núna,(nf.)
1852-coman,Amahuaca,cóman,(nm.)
1853-jiixunan,Amahuaca,jii-xúnan,(nm.)
1854-jinchoxunan,Amahuaca,jíncho xúnan,(nm.)
1855-camoxsiexcjunhun,Amahuaca,cámoxsí (exc) júnhun,(nm.)
1856-xuiquin,Amahuaca,xúiquín,(vt.)
1857-xuichi,Amahuaca,xúichí,(nm.)
1858-mahiz,Amahuaca,-máhiz,(adj.)
1859-ntoveaagujerear,Amahuaca,-ntó (Vea agujerear),(adj.)
1860-maiz,Amahuaca,maíz,(nm.)
1861-yaconquin,Amahuaca,yacónquin,(vt.)
1862-hainvacu,Amahuaca,háin-vacú,(n.)
1863-pihaa,Amahuaca,píhaa,(n.)
1864-raru,Amahuaca,ráru,(n.)
1865-vurun,Amahuaca,vúrun,(n.)
1866-xotanha,Amahuaca,xotanhá,(n.)
1867-yaroz,Amahuaca,yároz,(n.)
1868-ninxo,Amahuaca,nínxo,(nf.)
1869-nishi,Amahuaca,nishí,(nf.)
1870-rizvii,Amahuaca,rízvii,(nf.)
1871-vari,Amahuaca,vári,(nm.)
1872-nuitzaa,Amahuaca,nuítzaa,(nm.)
1873-varinhqui,Amahuaca,varínhqui,(vi.)
1874-jaztii,Amahuaca,jáztii,(adj.)
1875-tii,Amahuaca,tíí,(adj.)
1876-ruz,Amahuaca,-ruz,(adj.)
1877-stii,Amahuaca,-stii,(adj.)
1878-junuquin,Amahuaca,júnuquín,(vt.)
1879-pucaquin,Amahuaca,púcaquín,(vt.)
1880-juixjuixqui,Amahuaca,júix-juíxqui,(vi.)
1881-hota,Amahuaca,hóta,(nf.)
1882-taronhqui,Amahuaca,tarónhqui,(vi.)
1883-ruzinhqui,Amahuaca,ruzínhqui,(vi.)
1884-hozanhi,Amahuaca,hózanhí,(vi.)
1885-namaahi,Amahuaca,námaahí,(vi.)
1886-puunhqui,Amahuaca,púúnhqui,(vi.)
1887-raxonhqui,Amahuaca,raxónhqui,(vi.)
1888-tzucuuhi,Amahuaca,tzúcuuhí,(vi.)
1889-xoonhqui,Amahuaca,xóónhqui,(vi.)
1890-pata,Amahuaca,páta,(adj.)
1891-hachiquin,Amahuaca,háchiquín,(vt.)
1892-jan,Amahuaca,ján,(adj.)
1893-maton,Amahuaca,máton,(adj.)
1894-tanyan,Amahuaca,tányan,(adj.)
1895-vacho,Amahuaca,vachó,(adj.)
1896-vayo,Amahuaca,váyo,(adj.)
1897-hinaahi,Amahuaca,hínaahí,(vi.)
1898-hiniihi,Amahuaca,híniihí,(vi.)
1899-mapuuhi,Amahuaca,mápuuhí,(vi.)
1900-chaho,Amahuaca,cháho,(adj.)
1901-cumo,Amahuaca,cumó,(adj.)
1902-nizcanhi,Amahuaca,nízcanhí,(vi.)
1903-yaroz,Amahuaca,yároz,(nf.)
1904-hoxacatzanahi,Amahuaca,hóxacátza náhi,(vi.)
1905-rutucuhi,Amahuaca,rutúcuhí,(vr.)
1906-rutuquin,Amahuaca,rútu quín,(vr.)
1907-vain,Amahuaca,váin,(nm.)
1908-vonpa,Amahuaca,vónpa,(nm.)
1909-jana,Amahuaca,jána,(pn.)
1910-jatona,Amahuaca,jatóna,(pn.)
1911-nasal,Amahuaca,nasal,(pn.)
1913-jamaquin,Amahuaca,jamáquin,(vt.)
1914-tahuchipon,Amahuaca,táhu-chípon,(nm.)
1915-taco,Amahuaca,táco,(nm.)
1916-taxo,Amahuaca,táxo,(nm.)
1917-muxti,Amahuaca,múxti,(nm.)
1918-tiyo,Amahuaca,tíyo,(adj.)
1919-rivi,Amahuaca,-rívi,(adv.)
1920-tuvan,Amahuaca,túvan,(nm.)
1921-tamora,Amahuaca,tamóra,(nm.)
1922-hanyanx,Amahuaca,hányanx,(nm.)
1923-chachivoquintangarana,Amahuaca,cháchivóquintangarana,(vt.)
1924-moyrmicataiplaris,Amahuaca,moyrmica taiplaris,(vt.)
1926-runiquin,Amahuaca,rúniquín,(vt.)
1927-vohoquin,Amahuaca,vóhoquín,(vt.)
1928-vupoquin,Amahuaca,vúpoquín,(vt.)
1929-vuztonquin,Amahuaca,vúztonquín,(vt.)
1930-vupoti,Amahuaca,vúpotí,(nf.)
1931-xoohca,Amahuaca,xóóhca,(nf.)
1932-yotan,Amahuaca,yótan,(nf.)
1933-yantan,Amahuaca,yántan,(adv.)
1934-tovuquin,Amahuaca,tóvuquín,(vt.)
1935-turuquin,Amahuaca,túruquín,(vt.)
1936-vuxatao,Amahuaca,vúxatáó,(nm.)
1937-tazo,Amahuaca,tázo,(nf.)
1938-hiichinyux,Amahuaca,hiichínyux,(nm.)
1939-manzun,Amahuaca,mánzun,(nm.)
1940-tiihquin,Amahuaca,tíihquín,(vt.)
1941-topiquin,Amahuaca,tópiquín,(vt.)
1942-topii,Amahuaca,tópii,(adj.)
1943-chopaxatu,Amahuaca,chópa-xátu,(nf.)
1944-vaznon,Amahuaca,váznon,(nf.)
1945-pariparihqui,Amahuaca,pári-paríhqui,(vi.)
1946-maizacoohi,Amahuaca,mai-zácoohi,(nm.)
1947-miyan,Amahuaca,míyan,(nm.)
1948-cayaahi,Amahuaca,cáyaahí,(adv.)
1949-putaaquin,Amahuaca,putááquin,(vt.)
1950-rupiquin,Amahuaca,rúpiquín,(vt.)
1951-pono,Amahuaca,ponó,(nm.)
1952-juaquin,Amahuaca,júaquín,(vt.)
1953-pocoquin,Amahuaca,pócoquín,(vt.)
1954-vashaquin,Amahuaca,váshaquín,(vt.)
1955-voti,Amahuaca,votí,(nm.)
1956-harohtiquin,Amahuaca,haróhtiquin,(vt.)
1957-nishmarizhi,Amahuaca,nísh marízhi,(vt.)
1958-quiyooquin,Amahuaca,quíyooquín,(vt.)
1959-ruzohi,Amahuaca,rúzohí,(vt.)
1960-zununquin,Amahuaca,zúnunquín,(vt.)
1961-jovo,Amahuaca,jóvo,(nm.)
1962-miya,Amahuaca,míya,(pn.)
1963-coca,Amahuaca,cocá,(n.)
1964-cocahiroma,Amahuaca,cócahíromá,(n.)
1965-chocahiroma,Amahuaca,chócahíromá,(n.)
1966-hachi,Amahuaca,hachí,(n.)
1967-hiyaxovi,Amahuaca,híyaxóvi,(n.)
1968-papa,Amahuaca,pápa,(n.)
1969-papahiromaha,Amahuaca,pápa hiromáha,(n.)
1970-xovi,Amahuaca,xóvi,(n.)
1971-taqui,Amahuaca,taquí,(nm.)
1972-vitaxcatu,Amahuaca,vítax-cátu,(nf.)
1973-maco,Amahuaca,macó,(adj.)
1974-maxco,Amahuaca,máxco,(adj.)
1975-xoo,Amahuaca,xóó,(adj.)
1976-xovii,Amahuaca,xóvii,(adj.)
1977-mai,Amahuaca,maí,(nf.)
1978-nutu,Amahuaca,nutú,(nf.)
1979-tunxon,Amahuaca,túnxon,(nm.)
1980-hino,Amahuaca,hinó,(nm.)
1981-chiviiquin,Amahuaca,chíviiquín,(vt.)
1982-shomo,Amahuaca,shómo,(nf.)
1983-contish,Amahuaca,contísh,(nm.)
1984-pocoti,Amahuaca,pócotí,(nf.)
1985-vashavashahni,Amahuaca,vásha-vasháh ni,(adj.)
1986-canuquin,Amahuaca,cánuquín,(vt.)
1987-taxquin,Amahuaca,-táxquin,(vt.)
1988-mataxquin,Amahuaca,mataxquin,(vt.)
1989-vupuzquin,Amahuaca,vupúzquin,(vt.)
1990-jopoxco,Amahuaca,jopóxco,(nm.).
1991-jotoroz,Amahuaca,jotóroz,(nm.).
1992-yonotima,Amahuaca,yonotíma,(adj.)
1993-nahin,Amahuaca,náhin,(nm.)
1994-pozun,Amahuaca,pózun,(nm.)
1995-pacaroca,Amahuaca,pácaróca,(nm.)
1996-hacaama,Amahuaca,hácaamá,(adv.)
1997-quiyoo,Amahuaca,quíyoo,(adj.)
1998-hayaquin,Amahuaca,háyaquín,(vt.)
1999-moxoo,Amahuaca,móxoo,(nf.)
2000-vinsho,Amahuaca,vínsho,(nf.)
2001-nahpo,Amahuaca,náhpo,(nm.)
2002-chaztonquin,Amahuaca,cháztonquín,(vt.)
2003-mayaquin,Amahuaca,máya quín,(vt.)
2004-vuquiquin,Amahuaca,vúquiquín,(vt.)
2005-chazton,Amahuaca,cházton,(adj.)
2006-vuquiya,Amahuaca,vuquiyá,(adj.)
2007-yomiriya,Amahuaca,yómiriyá,(adj.)
2008-xau,Amahuaca,xaú,(nf.)
2009-hocohi,Amahuaca,hócohí,(vi.)
2010-hoco,Amahuaca,hóco,(nf.)
2011-hoviquin,Amahuaca,hóviquín,(vt.)
2012-tovanquin,Amahuaca,tóvanquín,(vt.)
2013-yonohi,Amahuaca,yónohí,(vi.)
2014-vuquin,Amahuaca,vúquin,(vt.)
2015-mavan,Amahuaca,mávan,(nf.)
2016-mahi,Amahuaca,máhí,(vi.)
2017-tuuti,Amahuaca,túúti,(nm.)
2018-quimisha,Amahuaca,quimishá,(adj.)
2019-paxnatrompetero,Amahuaca,paxnátrompetero,(adj.)
2020-psophialeucoptera,Amahuaca,psophia leucoptera,(adj.)
2022-canaapaishqui,Amahuaca,cánaa-paíshqui,(vi.)
2023-yora,Amahuaca,yóra,(nm.)
2024-jotizquin,Amahuaca,jotízquin,(vi.)
2025-tucuu,Amahuaca,túcuu,(nm.)
2026-canaa,Amahuaca,cánaa,(nm.)
2027-nairinhca,Amahuaca,nairínhca,(nm.)
2028-min,Amahuaca,min,(pn.)
2029-miya,Amahuaca,míya,(pn.)
2030-potzi,Amahuaca,pótzi,(nm.)
2031-ziyo,Amahuaca,zíyo,(nm.)
2032-haaxocu,Amahuaca,háá-xócu,(nm.)
2033-camaquin,Amahuaca,cámaquín,(vt.)
2034-piruuquin,Amahuaca,píruuquín,(vt.)
2035-poxuquin,Amahuaca,póxuquín,(vt.)
2036-riraquin,Amahuaca,ríraquín,(vt.)
2037-joroz,Amahuaca,jóroz,(adj.)
2038-juxco,Amahuaca,júxco,(nf.)
2039-mina,Amahuaca,miná,(pn.)
2040-vara,Amahuaca,vará,(nf.)
2041-jaztii,Amahuaca,jáztii,(adj.)
2042-stii,Amahuaca,-stii,(adj.)
2043-tii,Amahuaca,tíí,(adj.)
2044-stii,Amahuaca,-stii,(adj.)
2045-taco,Amahuaca,táco,(nf.)
2046-jaztii,Amahuaca,jáztii,(adj.)
2047-stii,Amahuaca,-stii,(adj.)
2048-ruchiquin,Amahuaca,rúchiquín,(vt.)
2049-topiquin,Amahuaca,tópiquín,(vt.)
2050-jontziz,Amahuaca,jontzíz,(nf.)
2051-muntziz,Amahuaca,muntzíz,(nf.)
2052-haqui,Amahuaca,háqui,(vt.)
2053-tonhinquin,Amahuaca,tónhinquín,(vt.)
2054-min,Amahuaca,mín,(pn.)
2055-man,Amahuaca,mán,(pn.)
2056-mato,Amahuaca,máto,(pn.)
2057-vacunantiuvilla,Amahuaca,vácu-nántiuvilla,(nm.)
2058-pouroumeasubstrigosa,Amahuaca,pouroumea substrigosa,(nm.)
2060-jocaquin,Amahuaca,jócaquín,(vt.)
2061-xavan,Amahuaca,xávan,(adj.)
2062-chispi,Amahuaca,chispí,(nf.)
2063-vutzanvihi,Amahuaca,vútzanví hi,(adj.)
2064-capi,Amahuaca,capí,(nf.)
2065-curuxyovaa,Amahuaca,cúrux-yóvaa,(adj.)
2066-maicunpo,Amahuaca,mai-cúnpo,(nm.)
2067-cashi,Amahuaca,cashí,(nm.)
2068-cohin,Amahuaca,cóhin,(nm.)
2069-capacuuti,Amahuaca,cápacúúti,(nm.)
2070-cashiitati,Amahuaca,cáshii táti,(nm.)
2071-jonivacu,Amahuaca,jóni-vácu,(nm.)
2072-xani,Amahuaca,xaní,(nm.)
2073-pono,Amahuaca,ponó,(nf.)
2074-puhitaco,Amahuaca,púhi-táco,(nf.)
2075-chaxo,Amahuaca,chaxó,(nm.)
2076-chono,Amahuaca,chóno,(nm.)
2077-vuvuquin,Amahuaca,vuvúquin,(vt.)
2078-maroquin,Amahuaca,mároquín,(vt.)
2079-rahoo,Amahuaca,rahóó,(nm.)
2080-pahuyaa,Amahuaca,páhuyaa,(adj.)
2081-copiiquin,Amahuaca,copííquin,(vi.)
2082-johi,Amahuaca,jóhi,(vi.)
2083-jovanhi,Amahuaca,jóvanhí,(vi.)
2084-shinanvuhqui,Amahuaca,shínanvúhqui,(vi.)
2085-vuhi,Amahuaca,vúhi,(vi.)
2086-puunpuunquin,Amahuaca,púún-púúnquin,(vt.)
2087-hiinhi,Amahuaca,hiinhí,(vi.)
2088-coon,Amahuaca,cóón,(nf.)
2089-rocon,Amahuaca,-rócon,(adv.)
2090-maco,Amahuaca,macó,(adj.)
2091-mapax,Amahuaca,mápax,(adj.)
2092-xoo,Amahuaca,xóó,(adj.)
2093-xovii,Amahuaca,xóvii,(adj.)
2094-ranoohi,Amahuaca,ránoohí,(vi.)
2095-ravinhi,Amahuaca,rávinhí,(vi.)
2096-catuxao,Amahuaca,cátu-xáo,(nf.)
2097-toxpi,Amahuaca,tóxpi,(nf.)
2098-zaya,Amahuaca,zayá,(nm.)
2099-zauhqui,Amahuaca,zaúhqui,(vi.)
2100-rono,Amahuaca,ronó,(nf.)
2101-xuni,Amahuaca,xuní,(adj.)
2102-niyu,Amahuaca,níyu,(nm.)
2103-rova,Amahuaca,róva,(nm.)
2104-chinxanto,Amahuaca,chinxantó,(nm.)
2105-xanquin,Amahuaca,xánquin,(nm.)
2106-hishratanti,Amahuaca,híshratánti,(nf.)
2107-tuuti,Amahuaca,túúti,(nf.)
2108-xotoo,Amahuaca,xótoo,(nf.)
2109-jizihi,Amahuaca,jízihí,(vi.)
2110-jahi,Amahuaca,jáhi,(vi.)
2111-jiriya,Amahuaca,jiriyá,(adj.)
2112-vuraa,Amahuaca,vúraa,(adj.)
2113-taramuquin,Amahuaca,táramúquin,(vt.)
2114-ravuquin,Amahuaca,rávuquín,(vt.)
2115-taranquin,Amahuaca,táran quín,(vt.)
2116-vuhonquin,Amahuaca,vúhonquín,(vt.)
2117-jananquin,Amahuaca,jánanquín,(vt.)
2118-chixoquin,Amahuaca,chixó quin,(vt.)
2119-mucumahaz,Amahuaca,múcumáhaz,(adv.)
2120-ya,Amahuaca,-ya,(conj.)
2121-canon,Amahuaca,canón,(adv.)
2122-moha,Amahuaca,móha,(adv.)
2123-junuponpon,Amahuaca,júnu-pónpon,(nm.)
2124-jupu,Amahuaca,jupú,(nf.)
2125-manshin,Amahuaca,mánshin,(nf.)
2126-hun,Amahuaca,hún,(pn.)
2127-hatza,Amahuaca,hátza,(nf.)
2128-hatzavai,Amahuaca,hátza-vái,(nm.)
2129-coma,Amahuaca,comá,(nm.)
2130-vii,Amahuaca,víí,(nm.)
2131-varan,Amahuaca,váran,(nm.)
2132-juchivin,Amahuaca,júchivín,(nm.)
2133-maxoo,Amahuaca,máxoo,(nf.)
2134-hinshan,Amahuaca,hínshan,(nm.)
2135-coxcaa,Amahuaca,cóxcaa,(nm.)
2136-vupon,Amahuaca,vúpon,(nm.)
