ID,Description,Entry_ID
abajo-1,abajo,1-mapoqui
abajo-2,abajo,2-naman
abanicar-1,abanicar,3-puunpuunquin
abanico-1,abanico,4-payati
abeja-1,abeja,5-mano
abeja-2,abeja,6-shara
abeja-3,abeja,7-vacon
abejarron-1,abejarrón,8-mamon
abertura-1,abertura,9-puxvaa
ablandar-1,ablandar,10-vayoquin
abrazar-1,abrazar,11-hicooquin
abrir-1,abrir,12-vupunquin
abrir-2,abrir,13-vuxnaquin
abrirse-1,abrirse,14-chipuxuhuhi
abrirse-2,abrirse,15-puxuuhi
abrirse-3,abrirse,16-tovaahi
abuela-1,abuela,17-haxuni
abuelo-1,abuelo,18-paxuni
abuelo-2,abuelo,19-xota
aburrirse-1,aburrirse,20-jatzanamuhi
aca-1,acá,21-nuri
acabar-1,acabar,22-harohtiquin
acabar-2,acabar,23-quiyooquin
acabar-3,acabar,24-zununquin
acariciar-1,acariciar,25-himaquin
acechar-1,acechar,26-vinpanquin
aceite-1,aceite,27-xuni
acepillar-1,acepillar,28-xotoquin
acido-1,ácido,29-cacha
acompanar-1,acompañar,30-jaquinquin
acontecer-1,acontecer,31-cuzhi
acostarse-1,acostarse,32-racaahi
acostumbrarse-1,acostumbrarse,33-vuyahi
acusar-1,acusar,34-chanicahanquin
acusar-2,acusar,35-chaniiquin
achiote-1,achiote,36-maxu
adelantarse-1,adelantarse,37-ruzocahinhi
adormecer-1,adormecer,38-hoxahi
adormecer-2,adormecer,39-mizinhi
adornar-1,adornar,40-nazquiquin
adorno-1,adorno,41-ruxo
adorno-2,adorno,42-shinoxuta
afilar-1,afilar,43-cunoquin
afilar-2,afilar,44-xushquiquin
afilador-1,afilador,45-cunoti
afilado-1,afilado,46-cunoafrechormxupo
afuera-1,afuera,47-jumannaqui
agacharse-1,agacharse,48-cacohi
agalla-1,agalla,49-tupico
agarrar-1,agarrar,50-hachiquin
agitar-1,agitar,51-tovunquin
agitar-2,agitar,52-vuchonhi
agruparse-1,agruparse,53-tziztocohohi
agruparse-2,agruparse,54-zutuuhi
agua-1,agua,55-junu
agua-2,agua,56-vaconhma
aquapotable-1,aqua potable,57-hovinuvan
aguamanil-1,aguamanil,58-cunchaa
aguijon-1,aguijón,59-chiyux
aguila-1,águila,60-tutupaha
harpayaharpayja-1, harpaya harpayja,60-tutupaha
aguja-1,aguja,61-dijomox
aguja-2,aguja,62-dsxomox
agujereado-1,agujereado,63-putzputzni
agujerear-1,agujerear,64-chaxquin
agujerearelbrazo-1,agujerear el brazo,65-pochaxquin
agujerearlacabeza-1,agujerear la cabeza,66-machaxquin
agujerearelmejilla-1,agujerear el mejilla,67-tanchaxquin
agujerearelcuello-1,agujerear el cuello,68-tuchaxquin
agujerearlalengua-1,agujerear la lengua,69-janchaxquin
agujerearlamano-1,agujerear la mano,70-muchaxquin
agujerearlapierna-1,agujerear la pierna,71-vichaxquin
aguti-1,agutí,72-shishi
ahogarse-1,ahogarse,73-junumuranhi
ahora-1,ahora,74-canon
ahora-2,ahora,75-rama
ahumar-1,ahumar,76-nanuquin
airarse-1,airarse,77-zinaahqui
aire-1,aire,78-matziajirmyochi
ajustar-1,ajustar,79-cataxquin
ala-1,ala,80-puhialacranmnivo
ala-2, a la,677-jahori
albergue-1,albergue,81-mahotati
alcanzartratarde-1,alcanzar tratar de-,82-chivanvoquin
alegre-1,alegre,83-jasharaahi
estar-1, estar-,83-jasharaahi
estar-2, estar,771-tohohi
estar-3, estar,812-hozahiveaagujerear
estar-4,estar,851-jahi
estar-5, estar,1264-vuropaznaahi
estar-6, estar,1315-vachinhqui
estar-7, estar,1316-zinaahqui
estar-8, estar,1632-tohohi
estar-9, estar,1727-ruxohi
aleta-1,aleta,84-cashpi
aleta-2,aleta,85-vuma
alga-1,alga,86-hitzon
algodon-1,algodón,87-xapo
algunos-1,algunos,88-tuxu
alisar-1,alisar,89-tayanquin
almeja-1,almeja,90-chanpish
almendro-1,almendro,91-haco
almohada-1,almohada,92-vopiti
alto-1,alto,93-chaii
alumbrar-1,alumbrar,94-jotaquin
alumbrar-2,alumbrar,95-juruuquin
alzar-1,alzar,96-vacuquin
alzar-2,alzar,97-zananquin
alla-1,allá,98-hono
alla-2,allá,99-hova
alla-3,allá,100-jano
alla-4,allá,101-jari
allanar-1,allanar,102-janunquin
allanar-2,allanar,103-ranunquin
allanar-3,allanar,104-rayunquin
allanar-4,allanar,105-vaazaquin
amable-1,amable,106-shinanya
amahuaca-1,amahuaca,107-jovi
amahuaca-2,amahuaca,108-yovan
palabraoidioma-1, palabra o idioma,107-jovi
palabraoidioma-2, palabra o idioma,108-yovan
amanecer-1,amanecer,109-nutuhi
amargo-1,amargo,110-hatima
amargo-2,amargo,111-moca
amargo-3,amargo,112-tzimo
amarillo-1,amarillo,113-panshin
amarrar-1,amarrar,114-cataxquin
amarrar-2,amarrar,115-chicunquin
amarrar-3,amarrar,116-nuxaquin
amarrar-4,amarrar,117-runuxquin
amarrar-5,amarrar,118-tuquin
amarrar-6,amarrar,119-tuxcuquin
amarrar-7,amarrar,120-xuquiquin
amasar-1,amasar,121-camozquin
amasar-2,amasar,122-motzaquin
amasisa-1,amasisa,123-cashovin
ambidextro-1,ambidextro,124-hocunvuconravuu
amigdala-1,amígdala,125-tupico
amigo-1,amigo,126-jaquinhti
amigo-2,amigo,127-mucaati
amontonar-1,amontonar,128-maanaquinmanchinquin
amontonar-2,amontonar,129-mazonquin
amontonar-3,amontonar,130-quinchiquin
amontonar-4,amontonar,131-tzizpoquin
ampolla-1,ampolla,132-choro
ampolla-2,ampolla,133-muxvon
anaconda-1,anaconda,134-junurononha
cunectesmarinus-1, cunectes marinus,134-junurononha
anciano-1,anciano,135-xuni
andar-1,andar,136-cahi
andar-2,andar,137-chiruxcuhi
andar-3,andar,138-hiyaavahinhqui
andar-4,andar,139-vohi
anguila-1,anguila,140-coninha
anguila-2,anguila,141-conzu
anguila-3,anguila,142-nuronanillonmmuhozoti
animal-1,animal,143-chitu
animal-2,animal,144-yohinna
antena-1,antena,145-ruxni
antes-1,antes,146-ramaana
antes-2,antes,147-vahocun
anublarse-1,anublarse,148-naichahohi
anudar-1,anudar,149-vucaxnahaquin
anzuelo-1,anzuelo,150-mishquiti
anadir-1,añadir,151-nutanquin
ano-1,año,152-varixutuu
anuje-1,añuje,153-mari
apagar-1,apagar,154-nocaquin
apagar-2,apagar,155-vutzizquin
aplanar-1,aplanar,156-vuparaquin
aplaudir-1,aplaudir,157-paoxpaoxhquiapoyarvi
aplaudir-2,aplaudir,158-vtcopaxquin
aplaudir-3,aplaudir,159-cupinquin
aplaudir-4,aplaudir,160-vovacahahi
apresar-1,apresar,161-xupoquin
aprisionar-1,aprisionar,162-dsxupoquin
aprisionar-2,aprisionar,163-dizipoquin
apuntar-1,apuntar,164-mutonquin
aqui-1,aquí,165-nuno
aqui-2,aquí,166-nuritzinca
arambasa-1,arambasa,167-vacon
arana-1,araña,168-muncha
aranar-1,arañar,169-muiquin
aranarse-1,arañarse,170-muicananhi
arbol-1,árbol,171-jii
arbusto-1,arbusto,172-jiimaxo
arbusto-2,arbusto,173-manpa
arcilla-1,arcilla,174-muu
arco-1,arco,175-chiyun
arco-2,arco,176-piyacanti
arco-3,arco,177-yohiri
arcoiris-1,arco iris,178-naanvahi
arder-1,arder,179-juruuquin
ardilla-1,ardilla,180-caiz
ardilla-2,ardilla,181-capan
arena-1,arena,182-mishpoo
arete-1,arete,183-parononti
armadillo-1,armadillo,184-pano
aroma-1,aroma,185-janu
darunaroma-1,dar un aroma,186-povahi
arpon-1,arpón,187-chicaro
arrancar-1,arrancar,188-tuzuuquin
arrastrar-1,arrastrar,189-xaraquin
arreglar-1,arreglar,190-haroquin
arreglar-2,arreglar,191-horiquin
arriba-1,arriba,192-mananho
arriba-2,arriba,193-mazoha
arrimar-1,arrimar,194-petaxquin
arrodillarse-1,arrodillarse,195-ramuncohohi
arrodillarse-2,arrodillarse,196-ranpihi
arroya-1,arroya,197-paxco
arrugar-1,arrugar,198-vuchonquin
arrugar-2,arrugar,199-zuviquin
arruga-1,arruga,200-vuchon
arrugado-1,arrugado,201-chonpi
arrugado-2,arrugado,202-zuvizuvihni
arrugarse-1,arrugarse,203-vuchonhi
asar-1,asar,204-xohiquin
asado-1,asado,205-xohi
ascua-1,ascua,206-chihirucun
asentar-1,asentar,207-tzahonquin
aserrar-1,aserrar,208-xatuquin
aserrin-1,aserrín,209-jiipoto
asfixiar-1,asfixiar,210-payaquin
asi-1,así,211-caxon
asinomas-1,así no más,212-javinonnu
asiento-1,asiento,213-tzahooti
aspero-1,áspero,214-curux
aspero-2,áspero,215-chovox
astillar-1,astillar,216-paoxquin
astillar-2,astillar,217-ratzaquin
asustar-1,asustar,218-ratuquin
asustarse-1,asustarse,219-ratuhcuhi
atajar-1,atajar,220-vuonquin
atascarse-1,atascarse,221-cocoohi
aterrizar-1,aterrizar,222-pacuuhi
atracar-1,atracar,223-rupiquin
atracar-2,atracar,224-taxnaquin
atras-1,atrás,225-cachiiho
atravesar-1,atravesar,226-mashitaquin
atravesar-2,atravesar,227-nacohi
atravesar-3,atravesar,228-shitaquin
aullar-1,aullar,229-pocuhi
amentar-1,amentar,230-vohoquin
ave-1,ave,231-pohiya
avergonzarse-1,avergonzarse,232-ranoohi
tenerverguenza-1,tener vergüenza,233-ravinhi
avisar-1,avisar,234-chaniihi
avisar-2,avisar,235-honanmaquin
avispa-1,avispa,236-marivina
avispa-2,avispa,237-nishvin
avispa-3,avispa,238-vina
axila-1,axila,239-pishcan
ayahuasca-1,ayahuasca,240-honi
ayudar-1,ayudar,241-jaquinquin
ayunar-1,ayunar,242-jiriyamahi
ayunar-2,ayunar,243-zamaahi
azotar-1,azotar,244-coshaquin
azotar-2,azotar,245-muhuquin
azucar-1,azúcar,246-mishquin
azucar-2,azúcar,247-taavatapoto
azul-1,azul,248-nava
babear-1,babear,249-cumuponohi
bagazo-1,bagazo,250-xacaa
bagazo-2,bagazo,251-xupo
bagre-1,bagre,252-tonon
bailar-1,bailar,253-chirinhi
bajar-1,bajar,254-hipaahi
bajar-2,bajar,255-votoohi
bajar-3,bajar,256-votuquin
bajito-1,bajito,257-manpa
bajito-2,bajito,258-toro
bajito-3,bajito,259-vuxnuu
balancear-1,balancear,260-vuyonquin
balear-1,balear,261-toohquin
balsa-1,balsa,262-tapan
banca-1,banca,263-cunan
banda-1,banda,264-muho
banarse-1,bañarse,265-naxihi
banarse-2,bañarse,266-nonoohi
barba-1,barba,267-cuni
barbasco-1,barbasco,268-xata
barranco-1,barranco,269-tunarma
barrer-1,barrer,270-matzooquin
barrer-2,barrer,271-vazaquin
barriga-1,barriga,272-poco
barro-1,barro,273-mapoo
barro-2,barro,274-nuyo
bastante-1,bastante,275-hicha
bastante-2,bastante,276-naha
baston-1,bastón,277-cucooti
baston-2,bastón,278-miti
basura-1,basura,279-matzoopotaa
basura-2,basura,280-tzizpo
batir-1,batir,281-tovunquin
batidor-1,batidor,282-hii
batidor-2,batidor,283-vinti
batidor-3,batidor,284-viriti
baul-1,baúl,285-vonanti
bazo-1,bazo,286-natza
beber-1,beber,287-hayaquin
bebida-1,bebida,288-hayati
besar-1,besar,289-tzoohquinveaagujerear
biceps-1,bíceps,290-ponchon
bilis-1,bilis,291-tai
bisabuelo-1,bisabuelo,292-xotaxuni
blanco-1,blanco,293-joxo
blanquearse-1,blanquearse,294-cauhi
blusa-1,blusa,295-coton
boa-1,boa,296-junurono
boca-1,boca,297-cuxaa
bocadeunaquebrada-1,boca de una quebrada,298-paxootaxcaa
bocinar-1,bocinar,299-xoonhqui
bocina-1,bocina,300-xoonti
bofetadas-1,bofetadas,301-pazquinveaagujerear
darde-1, dar de,301-pazquinveaagujerear
bolsa-1,bolsa,302-pisha
bolsillo-1,bolsillo,303-jovo
bombonaje-1,bombonaje,304-vomu
bonito-1,bonito,305-sharaa
boquichico-1,boquichico,306-yoma
borde-1,borde,307-papii
borde-2,borde,308-zunun
borra-1,borra,309-xopoo
borracho-1,borracho,310-pahunha
borrar-1,borrar,311-tovuquin
borrar-2,borrar,312-turuquin
borronear-1,borronear,313-vishavishaquin
bostezar-1,bostezar,314-xavahi
botar-1,botar,315-potaquin
botar-2,botar,316-vooquin
bravo-1,bravo,317-honan
bravo-2,bravo,318-povun
bravo-3,bravo,319-zina
brazalete-1,brazalete,320-munuxuti
brazo-1,brazo,321-ponyan
brazo-2,brazo,322-poxtuu
brea-1,brea,323-vovii
brillar-1,brillar,324-shivinquin
brillante-1,brillante,325-shivisharaa
brincar-1,brincar,326-cashitiihi
brincar-2,brincar,327-paraaxqui
brotar-1,brotar,328-joconhi
brujo-1,brujo,329-yopamati
brujo-2,brujo,330-yovuu
bueno-1,bueno,331-sharaa
bueno-2,bueno,332-shinanya
bufeo-1,bufeo,333-coshoxca
bujurque-1,bujurque,334-mahin
bulla-1,bulla,335-pataaquin
bulla-2,bulla,336-vanvaquin
hacer-1, hacer,335-pataaquin
hacer-2, hacer,336-vanvaquin
hacer-3,hacer,998-haqui
bbujear-1,bbujear,337-monoshimomoshihqui
bbujear-2,bbujear,338-povupovhi
burlarse-1,burlarse,339-januquin
burlarse-2,burlarse,340-mucaquin
buscar-1,buscar,341-vunaquin
buscar-2,buscar,342-cumanquin
cabello-1,cabello,343-voo
cabeza-1,cabeza,344-mapo
cacao-1,cacao,345-chanxonrunxa
cacaranado-1,cacarañado,346-vutashivutashinhca
cacarear-1,cacarear,347-coxcoxriihqui
cacique-1,cacique,348-jonicurux
caer-1,caer,349-chinyanhi
caer-2,caer,350-pacuuhiruyocohi
caer-3,caer,351-taranvuhuhi
caer-4,caer,352-tiinquihi
caidadeagua-1,caída de agua,353-pononnai
caidadelacorriente-1,caída de la corriente,354-xovaxovahca
caiman-1,caimán,355-capuu
caimito-1,caimito,356-vuponvin
caja-1,caja,357-vonanti
calabaza-1,calabaza,358-xatan
calambre-1,calambre,359-mizin
calavera-1,calavera,360-mapoxao
caldo-1,caldo,361-junu
calentar-1,calentar,362-hitzizquin
calentar-2,calentar,363-yohoquin
caliente-1,caliente,364-hitziz
caliente-2,caliente,365-nizcan
caliente-3,caliente,366-yoho
calmarse-1,calmarse,367-vuyahi
calumniar-1,calumniar,368-januquin
calvo-1,calvo,369-manco
callarse-1,callarse,370-nishmaahi
cama-1,cama,371-hoxatapan
cama-2,cama,372-hoxati
camaleon-1,camaleón,373-hapashiro
camaron-1,camarón,374-mapi
camino-1,camino,375-vahin
camisa-1,camisa,376-coton
camote-1,camote,377-cari
camungo-1,camungo,378-haavuco
palademeacornuia-1, palademea cornuia,378-haavuco
canal-1,canal,379-xovii
canalnasal-1,canal nasal,380-ruxoratani
canasta-1,canasta,381-cacan
candela-1,candela,382-chihi
cangrejo-1,cangrejo,383-xacaa
cangrejo-2,cangrejo,384-xaman
cangrejo-3,cangrejo,385-xancho
canino-1,canino,386-macoxqui
canoa-1,canoa,387-ronti
canoso-1,canoso,388-voxni
cansarse-1,cansarse,389-hoxacatznahi
cansarse-2,cansarse,390-paquininahi
cansarse-3,cansarse,391-pacuninnahahi
cantar-1,cantar,392-javahi
cantar-2,cantar,393-vinihi
cantar-3,cantar,394-vuahi
canto-1,canto,395-java
canto-2,canto,396-vua
cana-1,caña,397-taa
canabrava-1,caña brava,398-vacataa
caoba-1,caoba,399-hishcananti
capibara-1,capibara,400-hamuncapirona
capibara-2,capibara,401-calyoophyllunasprucea
num-1,num,402-haxo
capuchino-1,capuchino,403-riroo
capuchino-2,capuchino,404-shino
capuchino-3,capuchino,405-shinonha
capuchino-4,capuchino,406-vaza
cara-1,cara,407-vunmanna
caraaplanada-1,cara aplanada,408-vupara
caracol-1,caracol,409-monton
caracol-2,caracol,410-nocho
caracol-3,caracol,411-nochonha
caracol-4,caracol,412-novo
caracha-1,caracha,413-xunoni
carachama-1,carachama,414-hipo
carachama-2,carachama,415-hishquin
hypostomotina-1, hypostomotina,414-hipo
hypostomotina-2, hypostomotina,415-hishquin
carachupa-1,carachupa,416-cashta
carachupa-2,carachupa,417-yaish
carbon-1,carbón,418-munshon
carcel-1,cárcel,419-caravozo
cargar-1,cargar,420-hiyaaquin
cargar-2,cargar,421-puuquin
cargar-3,cargar,422-tuponaquin
carnaval-1,carnaval,423-cani
carne-1,carne,424-nami
carpintero-1,carpintero,425-vovin
celeusflavus-1, celeus flavus,425-vovin
cartilagodelanariz-1,cartílago de la nariz,426-rumaxa
cartucho-1,cartucho,427-capozoro
casa-1,casa,428-tapaz
casarse-1,casarse,429-hainquin
casarse-2,casarse,430-vunuquin
casarse-3,casarse,431-xanoviquin
cascara-1,cáscara,432-xacaa
caserio-1,caserío,433-juma
cashuera-1,cashuera,434-xovaxovahca
casi-1,casi,435-cahan
casi-2,casi,436-caviz
castanetearlosdientes-1,castañetear los dientes,437-xutaviyaxquin
castigar-1,castigar,438-copiiquincatahua
castigar-2,castigar,439-erythrotilonparaense
catarata-1,catarata,441-vurocoro
caucho-1,caucho,442-vihinvin
cavar-1,cavar,443-poquinquin
cavar-2,cavar,444-taxquinquin
cavar-3,cavar,445-vuviiquin
cazador-1,cazador,446-muqui
cazador-2,cazador,447-mushpi
cedro-1,cedro,448-conxan
ceniza-1,ceniza,449-coro
ceniza-2,ceniza,450-chihimapo
cepadelarbol-1,cepa del árbol,451-jiivoroo
ceradeabeja-1,cera de abeja,452-vovii
cerbatana-1,cerbatana,453-tupi
cercar-1,cercar,454-cuntuquin
cerca-1,cerca,455-horama
cerco-1,cerco,456-chicuu
cerda-1,cerda,457-rani
cerebro-1,cerebro,458-mapomuranno
cerquillo-1,cerquillo,459-vuruzca
cortarseelcerquillo-1,cortarse el cerquillo,460-vuztuuhi
cerumen-1,cerumen,461-panxan
cerrar-1,cerrar,462-cuntuquin
cerrar-2,cerrar,463-cuvuunquin
cerrar-3,cerrar,464-vupoquin
cerro-1,cerro,465-carunnaha
cerro-2,cerro,466-machi
cerro-3,cerro,467-manan
cetico-1,cetico,468-vocon
cetico-2,cetico,469-xancon
cicatriz-1,cicatriz,470-choro
cicatriz-2,cicatriz,471-vara
ciego-1,ciego,472-vutacielormnaiciempiesrmxaco
cinturon-1,cinturón,473-chinuxuti
clamr-1,clamr,474-zaihqui
claro-1,claro,475-vuxna
clavar-1,clavar,476-cachhaxquin
clavar-2,clavar,477-tzacamaquin
clavicula-1,clavícula,478-tucuzanti
clavos-1,clavos,479-ravon
cloquear-1,cloquear,480-coxcoxriihqui
cobarde-1,cobarde,481-racuuhai
cocinar-1,cocinar,482-jovaquin
cocinar-2,cocinar,483-vahaquin
cocinad-1,cocinad,484-jova
cocona-1,cocona,485-popoo
cocha-1,cocha,486-hinyan
cochino-1,cochino,487-cumo
codiciar-1,codiciar,488-cuunnahahi
codo-1,codo,489-vapoxco
coger-1,coger,490-cuzaquin
coger-2,coger,491-viquin
cojear-1,cojear,492-chanpahqui
cojo-1,cojo,493-chanto
cojo-2,cojo,494-quinto
cojo-3,cojo,495-tanto
coladeunaanimal-1,cola de una animal,496-jina
colear-1,colear,497-jishcajishcaquin
colgar-1,colgar,498-cacuuhi
colgar-2,colgar,499-rontanquin
colgar-3,colgar,500-vuonquin
colgar-4,colgar,501-xurontanxurontanquin
colgarse-1,colgarse,502-ronoohi
colina-1,colina,503-matonco
colmillo-1,colmillo,504-xucoshqui
colocar-1,colocar,505-tzahonquin
colpa-1,colpa,506-muu
collar-1,collar,507-cacuuti
comejen-1,comején,508-nacax
comer-1,comer,509-cocoquin
comer-2,comer,510-haqui
comer-3,comer,511-jirihi
comer-4,comer,512-mocoquin
comer-5,comer,513-naihi
comer-6,comer,514-piquin
comestible-1,comestible,515-hati
comida-1,comida,516-jiriti
comida-2,comida,517-piti
comezon-1,comezón,518-xova
como-1,como,519-caviz
como-2,cómo,520-cuza
como-3,cómo,521-jau
companero-1,compañero,522-jaquinhti
compartir-1,compartir,523-humanquin
completar-1,completar,524-zununquin
completamente-1,completamente,525-corvin
comprar-1,comprar,526-maroquinconprnivuuya
concebir-1,concebir,527-tohohi
concha-1,concha,528-chavox
concha-2,concha,529-pao
concha-3,concha,530-tzano
condor-1,cóndor,531-hishmin
sarcoramphuspapa-1, sarcoramphus papa,531-hishmin
conducir-1,conducir,532-mutzonquin
conejo-1,conejo,533-hotza
congregarse-1,congregarse,534-zutuuhi
conocer-1,conocer,535-honanhi
contar-1,contar,536-toponquin
conversar-1,conversar,537-jovihi
convocar-1,convocar,538-cunaquin
copal-1,copal,539-zunpa
coralillo-1,coralillo,540-maxurono
corazon-1,corazón,541-jovinti
corona-1,corona,542-maiti
corona-2,corona,543-maon
corona-3,corona,544-mashicoti
corona-4,corona,545-mazpanan
coronilla-1, coronilla,542-maiti
coronilla-2, coronilla,543-maon
coronilla-3, coronilla,544-mashicoti
coronilla-4, coronilla,545-mazpanan
cortar-1,cortar,546-haztuquin
cortar-2,cortar,547-muztuquin
cortar-3,cortar,548-ruraquin
cortar-4,cortar,549-taxtuquin
cortar-5,cortar,550-xatuquin
cortarse-1,cortarse,551-puhohi
corteza-1,corteza,552-raxvii
corto-1,corto,553-toro
correr-1,correr,554-niriquiniriquihi
correr-2,correr,555-paxahicahi
corriendo-1,corriendo,556-coshi
corriente-1,corriente,557-jununuxva
corva-1,corva,558-vitzucu
cosechar-1,cosechar,559-tuzcuquin
cosechar-2,cosechar,560-votzoquin
coser-1,coser,561-cuxuquin
costilla-1,costilla,562-pishi
costilla-2,costilla,563-rumaco
costra-1,costra,564-vunxan
coto-1,coto,565-roho
coyuntura-1,coyuntura,566-mucunxao
coyuntura-2,coyuntura,567-mutoro
crecer-1,crecer,568-huhuhi
crecer-2,crecer,569-puxcoohi
crecer-3,crecer,570-xunihi
creer-1,creer,571-coonhi
crespo-1,crespo,572-shorishorihca
cresta-1,cresta,573-mashpi
cria-1,cría,574-vacu
criar-1,críar,575-puxcoquin
croar-1,croar,576-cuohi
crudo-1,crudo,577-napax
crudo-2,crudo,578-paxa
cruzarunrio-1,cruzar un río,579-pocuquin
cual-1,cuál,580-rato
cuando-1,cuándo,581-canon
cuando-2,cuando,582-cuzatinyan
cuanto-1,cuánto,583-cuzahtin
cuarto-1,cuarto,584-vuxcuutza
cubrir-1,cubrir,585-mapoquin
cubrir-2,cubrir,586-vuniquin
cubrir-3,cubrir,587-vupoquin
cucaracha-1,cucaracha,588-chinta
cuchichear-1,cuchichear,589-vanxuxhi
cuchillo-1,cuchillo,590-chichica
cuello-1,cuello,591-tuxo
cuenca-1,cuenca,592-vuroxanto
ocular-1, ocular,592-vuroxanto
cuerno-1,cuerno,593-manxo
cuero-1,cuero,594-xacaa
cuerpo-1,cuerpo,595-yora
cuidar-1,cuidar,596-chituquin
culatadecasa-1,culata de casa,597-hishtorohca
culebra-1,culebra,598-rono
especiede-1, especie de,598-rono
especiede-2, especie de,970-chanpo
culpar-1,culpar,599-chaniiquin
cultivar-1,cultivar,600-horoquin
cumbrera-1,cumbrera,601-macanonti
cumbrera-2,cumbrera,602-mapooti
cumbrera-3,cumbrera,603-mavuuti
cumpleanos-1,cumpleaños,604-hunnutu
cuna-1,cuna,605-muxcoronti
cunchi-1,cunchi,606-tonon
cunada-1,cuñada,607-chahiyaa
cunada-2,cuñada,608-chahiyaa
cunada-3,cuñada,609-haintza
cunada-4,cuñada,610-vunutza
cunado-1, cuñado,607-chahiyaa
cunado-2, cuñado,608-chahiyaa
cunado-3, cuñado,609-haintza
cunado-4, cuñado,610-vunutza
curandero-1,curandero,611-romu
curar-1,curar,612-rahooquin
curuhuinse-1,curuhuinse,613-maxcun
curvo-1,curvo,614-vuquiya
curvo-2,curvo,615-yomiriya
cushma-1,cushma,616-taricushuri
cushma-2,cushma,617-phalacrocoraxolivaceus
chacra-1,chacra,619-nau
chacra-2,chacra,620-vai
chacra-3,chacra,621-vaicopa
chambira-1,chambira,622-comari
chamuscar-1,chamuscar,623-ziyaquin
chancho-1,chancho,624-cochi
chapotear-1,chapotear,625-tonpinquin
chaquira-1,chaquira,626-toncomoro
charapa-1,charapa,627-cavoori
charapa-2,charapa,628-xavuchauexccayotanonhi
chicua-1,chicua,629-chishca
piayacayana-1, piaya cayana,629-chishca
chicha-1,chicha,630-hayati
chicharra-1,chicharra,631-tzuhochihuaco
chicharra-2,chicharra,632-psarocoliusangustifronsalfredi
chicharra-3,chicharra,633-psarocoliusatro
virens-1,virens,634-hitzoo
chillar-1,chillar,635-vaxvaxhqui
chimicua-1,chimicua,636-pama
chinche-1,chinche,637-hizomnontochirricles
chinche-2,chinche,638-pionitesleucogaster
chirimoya-1,chirimoya,640-xaunmuya
chismear-1,chismear,641-chaniihi
chocar-1,chocar,642-coshaquin
chocar-2,chocar,643-tizquinveaagujerear
choro-1,choro,644-hizocoro
hapale-1, hapale,644-hizocoro
chosna-1,chosna,645-xumun
chosna-2,chosna,646-zanpon
chotacabras-1,chotacabras,647-choshpu
chupar-1,chupar,648-hoyoquin
chupar-2,chupar,649-toconquin
daledale-1,daledale,650-manipozi
danzar-1,danzar,651-chirinhi
dar-1,dar,652-hinanquin
dar-2,dar,653-humanquin
daraluz-1,dar a luz,654-vacuviquin
dardecomer-1,dar de comer,655-jiriquin
darpalmadas-1,dar palmadas,656-paoxpaoxhqui
darpalmadas-2,dar palmadas,1442-paoxpaoxhqui
darsombra-1,dar sombra,657-hotahi
darvueltas-1,dar vueltas,658-chiyuxcuhuhideverasexccoon
darvueltas-2,dar vueltas,659-rocon
debil-1,débil,660-vacho
debil-2,débil,661-vayo
decir-1,decir,662-yohiquin
deciraloido-1,decir al oído,663-vanxuxhi
decirlaverdad-1,decir la verdad,664-coonhi
dedos-1,dedos,665-mucun
dedos-2,dedos,666-muvi
dedos-3,dedos,667-ruvo
dejar-1,dejar,668-junuquin
dejar-2,dejar,669-junuuhinuvuhranquin
dejar-3,dejar,670-vavanhqui
dejar-4,dejar,671-vavuhranquin
dejar-5,dejar,672-xononvahi
dejar-6,dejar,673-xononvuranhqui
delicioso-1,delicioso,674-novu
demonio-1,demonio,675-yovuu
demorarse-1,demorarse,676-zanahi
derecha-1,derecha,677-jahori
derecho-1,derecho,678-muztun
derramar-1,derramar,679-jocaquin
derramar-2,derramar,680-naoquin
derramar-3,derramar,681-tazaquin
derrumbar-1,derrumbar,682-tontonquin
derrumbe-1,derrumbe,683-maxaraa
desagradable-1,desagradable,684-cumo
desamarrarse-1,desamarrarse,685-zirocohohi
desaparecer-1,desaparecer,686-nishmarizhi
desaparecer-2,desaparecer,687-yamarizhi
desatar-1,desatar,688-pucaquin
descansar-1,descansar,689-jovinhi
descender-1,descender,690-hipaahi
descolorarse-1,descolorarse,691-catoxcohohi
descuartizar-1,descuartizar,692-potuquin
desear-1,desear,693-cuunhi
desear-2,desear,694-pa
sindeseo-1,sin deseo,695-cazmaz
desembarcar-1,desembarcar,696-rupihi
desembocadura-1,desembocadura,697-tapiha
desgranar-1,desgranar,698-xumuquin
deslizable-1,deslizable,699-vishton
desmayar-1,desmayar,700-vuroyamuuhi
desobedecer-1,desobedecer,701-jumahi
despacio-1,despacio,702-yanima
despedazar-1,despedazar,703-tuzatuzaquin
despejar-1,despejar,704-vuxvaaquin
despejarse-1,despejarse,705-vuharohohivuxvaahi
despepitar-1,despepitar,706-xontuxquin
despertar-1,despertar,707-vuzohi
desplumar-1,desplumar,708-muxaquin
desprender-1,desprender,709-tzancaquin
despues-1,después,710-canon
despues-2,después,711-chipo
despues-3,después,712-tzincan
destapar-1,destapar,713-vupunquin
destenirse-1,desteñirse,714-catoxcohohi
desvariado-1,desvariado,715-raminnahahi
desvestirse-1,desvestirse,716-nazirohohi
detener-1,detener,717-chituquin
detener-2,detener,718-vanuquin
detras-1,detrás,719-cachiiho
dia-1,día,720-hoxaa
dia-2,día,721-nutu
diarrea-1,diarrea,722-chixoohi
tener-1, tener,722-chixoohi
tener-2, tener,1004-coshmanahi
tener-3, tener,1039-tzucohi
tener-4, tener,1526-muronhi
tener-5, tener,1821-hayacatzanahi
tener-6, tener,2094-ranoohi
tener-7, tener,2095-ravinhi
dibujar-1,dibujar,723-cunuuquin
dibujarcirculos-1,dibujar círculos,724-muchiihi
dibujo-1,dibujo,725-cunuu
diente-1,diente,726-xuta
dientesdelanteros-1,dientes delanteros,727-xumacayan
dientesdelanteros-2,dientes delanteros,728-xutaruvo
diferente-1,diferente,729-rami
dinero-1,dinero,730-coriiqui
doblar-1,doblar,731-capoquin
doblar-2,doblar,732-chinpoquin
doblar-3,doblar,733-zuviquin
doble-1,doble,734-cuvin
doler-1,doler,735-hizinhi
dolor-1,dolor,736-hizin
dominar-1,dominar,737-hivoquin
donde-1,dónde,738-rani
donde-2,dónde,739-raqui
dorado-1,dorado,740-xaxuntatzadoral
dorado-2,dorado,741-myiozetetetessimilia
dormir-1,dormir,743-hoxahi
dos-1,dos,744-ravuu
dueno-1,dueño,745-hivo
dulce-1,dulce,746-vata
duro-1,duro,747-cani
duro-2,duro,748-curux
duro-3,duro,749-cuztoo
echar-1,echar,750-niyoquin
echar-2,echar,751-potaquin
echar-3,echar,752-taxquiveaagujerear
echarse-1,echarse,753-racaahi
echardemenos-1,echar de menos,754-muronhi
el-1,él,755-jaa
el-2,él,756-jan
el-3,él,757-jato
ella-1, ella,755-jaa
ella-2, ella,756-jan
ella-3, ella,757-jato
embarcar-1,embarcar,758-nanuquin
embellecer-1,embellecer,759-matzahi
embrujar-1,embrujar,760-yotoquin
empeorarse-1,empeorarse,761-hisharahi
empezar-1,empezar,762-hayooquin
empleado-1,empleado,763-hinaa
empujar-1,empujar,764-vuranquinenprepmuran
empujar-2,empujar,765-qui
encender-1,encender,766-juruuquin
encerrar-1,encerrar,767-cuntuquin
encerrar-2,encerrar,768-cuvuunquin
encia-1,encía,769-xutatapo
encima-1,encima,770-maxcaa
encinta-1,encinta,771-tohohi
encogerse-1,encogerse,772-zoroohi
encolerizarse-1,encolerizarse,773-zinaahqui
enontrar-1,enontrar,774-rananquin
enontrar-2,enontrar,775-vuchiquin
encorvar-1,encorvar,776-chaztonquin
encorvar-2,encorvar,777-vuquiquin
encorvado-1,encorvado,778-vuquiya
encorvado-2,encorvado,779-yomiriya
enderezar-1,enderezar,780-cayaquin
enderezarse-1,enderezarse,781-muztunhi
enemigos-1,enemigos,782-jamavo
enemigos-2,enemigos,783-yoratza
enemigos-3,enemigos,784-zinati
enfermo-1,enfermo,785-hizinya
enfermo-2,enfermo,786-nahivuchi
enfermo-3,enfermo,787-vuraacazmaz
enfocar-1,enfocar,788-jotaquin
enfriar-1,enfriar,789-matziquin
enfriarse-1,enfriarse,790-varoxhi
enfurrunarse-1,enfurruñarse,791-vuchonhi
enganar-1,engañar,792-hontzaquin
enganar-2,engañar,793-paranquin
engordarse-1,engordarse,794-xovaahi
engordarse-2,engordarse,795-xunihi
enhilar-1,enhilar,796-cuoquin
enjambrar-1,enjambrar,797-mauhi
enjambre-1,enjambre,798-mano
enojado-1,enojado,799-notzi
enojado-2,enojado,800-zinaa
ensenar-1,enseñar,801-honanmaquin
ensenar-2,enseñar,802-tanamaquin
enroscado-1,enroscado,803-zuvii
enroscado-2,enroscado,804-zuvizuvihni
ensuciar-1,ensuciar,805-chahonahaquin
entender-1,entender,806-nincaaquin
entendimiento-1,entendimiento,807-honan
enterrar-1,enterrar,808-maiquin
entrar-1,entrar,809-jiquihi
entrar-2,entrar,810-vuhihi
entristecerse-1,entristecerse,811-paxnannahi
entumecido-1,entumecido,812-hozahiveaagujerear
envejecerse-1,envejecerse,813-puxcoohi
envejecerse-2,envejecerse,814-xunihi
envenenar-1,envenenar,815-yopooquin
envolver-1,envolver,816-capoquin
envolver-2,envolver,817-racoquin
erizo-1,erizo,818-hiza
escalera-1,escalera,819-tapati
escama-1,escama,820-rachispo
escama-2,escama,821-rashpi
escaparse-1,escaparse,822-paxahicahiescarabajooryctesnasicornis
escarbar-1,escarbar,825-vazaquin
escarpa-1,escarpa,826-mancux
escoba-1,escoba,827-matzooti
escoger-1,escoger,828-catooquin
esconder-1,esconder,829-jonuquin
escopeta-1,escopeta,830-toohati
escribir-1,escribir,831-cunuuquin
escuchar-1,escuchar,832-nincaaquin
escupir-1,escupir,833-coshtoohqui
eso-1,eso,834-jaa
esofago-1,esófago,835-tuton
espalda-1,espalda,836-catu
espalda-2,espalda,837-chincan
espantar-1,espantar,838-vamaquin
esparcir-1,esparcir,839-zaaquin
esperar-1,esperar,840-mananquin
espina-1,espina,841-hishpi
espina-2,espina,842-moxa
espiritu-1,espíritu,843-yoshin
espiritu-2,espíritu,844-xavacanavo
esposa-1,esposa,845-hain
esposo-1,esposo,846-vunu
espuma-1,espuma,847-vacox
espuma-2,espuma,848-vaha
esqueleto-1,esqueleto,849-yoraxao
estante-1,estante,850-tapo
este-1,este,852-varicainhain
estera-1,estera,853-pishin
esternon-1,esternón,854-xoncan
estirar-1,estirar,855-puhooquin
estirar-2,estirar,856-tiniquin
estirar-3,estirar,857-tuuquin
estirarse-1,estirarse,858-camiihi
estiron-1,estirón,859-jununuxva
esto-1,esto,860-nan
estomago-1,estómago,861-chinxanto
estomago-2,estómago,862-jantoo
estorbar-1,estorbar,863-vuchituquin
estornudar-1,estornudar,864-jahoshini
estrangular-1,estrangular,865-tunuxquin
estrangular-2,estrangular,866-xanunquin
estrella-1,estrella,867-vishi
estremecerse-1,estremecerse,868-zacozacoquin
excremento-1,excremento,869-pohi
explicar-1,explicar,870-yohisharaaquin
exprimir-1,exprimir,871-juntzinquin
exprimir-2,exprimir,872-motzaquin
exprimir-3,exprimir,873-toshaquin
exprimidor-1,exprimidor,874-tohati
extender-1,extender,875-putaaquin
extranjeros-1,extranjeros,876-jamavo
extranjeros-2,extranjeros,877-naa
extranjeros-3,extranjeros,878-yoratza
facil-1,fácil,879-hatiasharaa
faja-1,faja,880-jonxu
faja-2,faja,881-potoo
falda-1,falda,882-raoti
falda-2,falda,883-vachi
falda-3,falda,884-zaya
faltar-1,faltar,885-maxcaahi
faringe-1,faringe,886-tuton
farina-1,fariña,887-hatzapoto
fermentar-1,fermentar,888-momoshimomoshihqui
feto-1,feto,889-toho
fibra-1,fibra,890-xuhoo
fijar-1,fijar,891-tacunquin
filo-1,filo,892-cuno
filo-2,filo,893-hishcun
fino-1,fino,894-vacho
fino-2,fino,895-voyon
fino-3,fino,896-vuxna
flaco-1,flaco,897-coshmaya
flaco-2,flaco,898-chishna
flauta-1,flauta,899-ruu
flecha-1,flecha,900-piya
tiposde-1, tipos de,900-piya
tiposde-2, tipos de,994-chixun
tiposde-3, tipos de,1329-naca
tiposde-4, tipos de,1443-jupu
flor-1,flor,901-jova
flotar-1,flotar,902-toxvaahi
fondo-1,fondo,903-nonyan
fosforo-1,fósforo,904-jozporo
freir-1,freír,905-moshiiquin
freir-2,freír,906-shiriquin
frijol-1,frijol,907-chanxonrunxa
frijol-2,frijol,908-poroto
frijol-3,frijol,909-yosto
frijol-4,frijol,910-yozo
frente-1,frente,911-vucuzanti
frio-1,frío,912-matzihacerfriodurantealgunos
dias-1,días,913-yotanhi
tenerfrio-1,tener frío,914-xuquiihi
tenerfrio-2,tener frío,915-matzinincaahi
tenerfrio-3,tener frío,916-pariparihqui
frito-1,frito,917-shirihca
frotar-1,frotar,918-maxaxahahi
frotar-2,frotar,919-turuquin
frotar-3,frotar,920-tziztoquin
frotar-4,frotar,921-vuyoquihihi
frotar-5,frotar,922-xaxaquin
fruta-1,fruta,923-vimi
fruta-2,fruta,924-vin
fruta-3, fruta,1251-mancova
fruto-1, fruto,923-vimi
fruto-2, fruto,924-vin
fuego-1,fuego,925-chihi
fuego-2,fuego,926-juruu
fuerte-1,fuerte,927-curux
fulminante-1,fulminante,928-capozoro
gallina-1,gallina,929-hatapa
gallinazo-1,gallinazo,930-xutu
cathartesaura-1, cathartes aura,930-xutu
coragypsatratus-1,coragyps atratus,931-pohixutu
gallo-1,gallo,932-roha
gamitana-1,gamitana,933-hamaquiriganarvtmaanaquin
gancho-1,gancho,934-hachimati
garganta-1,garganta,935-tuxpi
garrapata-1,garrapata,936-yanan
garzablanca-1,garza blanca,937-vichopumagarza
garzablanca-2,garza blanca,938-tigrisomalinea
tum-1,tum,939-jacagarcita
tum-2,tum,940-butoridesstriatus
gastado-1,gastado,942-payo
gatear-1,gatear,943-mupihi
gatear-2,gatear,944-muxohi
gato-1,gato,945-mishiitogavilan
gato-2,gato,946-elanoidesforficatus
thamnophilusdoliatus-1,thamnophilus doliatus,947-chiqui
thamnophilusdoliatus-2,thamnophilus doliatus,948-pacaca
thamnophilusdoliatus-3,thamnophilus doliatus,949-tutuu
thamnophilusdoliatus-4,thamnophilus doliatus,950-vazicunma
gemir-1,gemir,951-huuhqui
girar-1,girar,952-mayahi
girar-2,girar,953-viriviriquin
girar-3,girar,954-yocaquin
gobernar-1,gobernar,955-hivoquin
golondrina-1,golondrina,956-chono
golpear-1,golpear,957-coshaquin
golpearsefuertemente-1,golpearse fuertemente,958-pozihihi
golpearligeramente-1,golpear ligeramente,959-mutashquinveaagujerear
gordo-1,gordo,960-xovaa
gorgojo-1,gorgojo,961-manzan
gorrion-1,gorrión,962-mishpotzaa
gorrion-2,gorrión,963-xachitzaa
mospizaaurifrons-1, mospiza aurifrons,962-mishpotzaa
mospizaaurifrons-2, mospiza aurifrons,963-xachitzaa
hoploxypteruscayanus-1,hoploxypterus cayanus,964-roro
gotear-1,gotear,965-tozoohi
grajo-1,grajo,966-pianpianhca
grajo-2,grajo,967-xumi
cyanocoraxviolaceus-1, cyanocorax violaceus,966-pianpianhca
cyanocoraxviolaceus-2, cyanocorax violaceus,967-xumi
grande-1,grande,968-toha
granizo-1,granizo,969-varox
grillo-1,grillo,970-chanpo
gritar-1,gritar,971-caxaahi
gritar-2,gritar,972-cunaahi
gritar-3,gritar,973-vaonhqui
gritar-4,gritar,974-vaxvaxhqui
gritar-5,gritar,975-zaihqui
grueso-1,grueso,976-cuvin
grueso-2,grueso,977-cuztoo
grueso-3,grueso,978-vuxcu
grunir-1,gruñir,979-rahuhi
grunir-2,gruñir,980-varavarahqui
grupo-1,grupo,981-tuxu
guacamayo-1,guacamayo,982-cahinazul
guacamayo-2,guacamayo,983-canaamarilloguacamayorojo
guacamayo-3,guacamayo,984-aramacao
arachloropetera-1, ara chloropetera,982-cahinazul
arachloropetera-2, ara chloropetera,983-canaamarilloguacamayorojo
arachloropetera-3, ara chloropetera,984-aramacao
guardar-1,guardar,988-chituquin
guardar-2,guardar,989-vaquin
guayaba-1,guayaba,990-vinpish
guayaba-2,guayaba,991-xunan
guayaba-3,guayaba,992-yocan
guiar-1,guiar,993-chiviiquin
unacanoa-1, una canoa,993-chiviiquin
gusano-1,gusano,994-chixun
gustar-1,gustar,995-paxcapaxcaquin
hablar-1,hablar,996-hohiquin
hablar-2,hablar,997-yovanhi
hacha-1,hacha,999-rovu
hacha-2,hacha,1000-rurati
hacha-3,hacha,1001-yami
hallar-1,hallar,1002-vuchiquin
hamaca-1,hamaca,1003-rizi
hambre-1,hambre,1004-coshmanahi
harina-1,harina,1005-roroo
hechicero-1,hechicero,1006-romu
hechicero-2,hechicero,1007-yopamatihelecho
hechicero-3,hechicero,1008-ceratopteristhalictroi
des-1,des,1009-xacoxiya
hembra-1,hembra,1010-yoxan
herida-1,herida,1011-choro
herida-2,herida,1012-vara
herida-3,herida,1013-tzacaa
hermano-1,hermano,1014-hanaaca
hermano-2,hermano,1015-povi
hermano-3,hermano,1016-vutza
hermana-1, hermana,1014-hanaaca
hermana-2, hermana,1015-povi
hermana-3, hermana,1016-vutza
hermanamayor-1,hermana mayor,1017-choca
hermanamayor-2,hermana mayor,1018-pi
hermanamayor-3,hermana mayor,1019-titi
hemanamenor-1,hemana menor,1020-chipi
hermanomayor-1,hermano mayor,1021-jochi
hermanomayor-2,hermano mayor,1022-vuvoca
hermanomenor-1,hermano menor,1023-chami
hervir-1,hervir,1024-covinquin
hiel-1,hiel,1025-tai
hierba-1,hierba,1026-vazi
higado-1,hígado,1027-taca
higuerilla-1,higuerilla,1028-xanconmaha
hijo-1,hijo,1029-vacujoni
hija-1,hija,1030-vacuxano
hijuelo-1,hijuelo,1031-taco
hilar-1,hilar,1032-jocoquin
hilar-2,hilar,1033-toroxquin
hilar-3,hilar,1034-xapoquin
hilo-1,hilo,1035-joco
hilo-2,hilo,1036-yomun
hincar-1,hincar,1037-chachiquin
hinchar-1,hinchar,1038-novahqui
hipo-1,hipo,1039-tzucohi
hogar-1,hogar,1040-jati
hoja-1,hoja,1041-puhi
hombre-1,hombre,1042-jochi
hombre-2,hombre,1043-joni
hombro-1,hombro,1044-puxacaa
hongo-1,hongo,1045-cono
hongo-2,hongo,1046-conoxau
horcon-1,horcón,1047-nichinti
hormiga-1,hormiga,1048-jima
especiesde-1, especies de,1048-jima
especiesde-2, especies de,1318-hizo
especiesde-3, especies de,1808-cara
especiesde-4, especies de,1907-vain
hornero-1,hornero,1049-tzoona
horquilla-1,horquilla,1050-mutax
hoy-1,hoy,1051-rama
huairanga-1,huairanga,1052-marivinahuanchaco
huairanga-2,huairanga,1053-ramphoceluscarbocon
necteus-1,necteus,1054-pishcaa
huangana-1,huangana,1055-yaa
huapo-1,huapo,1056-rocanha
huapocolorado-1,huapo colorado,1057-shinonha
huaso-1,huaso,1058-vaza
huasaco-1,huasaco,1059-muxco
hueco-1,hueco,1060-maixantoo
hueco-2,hueco,1061-puisca
hueco-3,hueco,1062-quini
hueco-4,hueco,1063-ruoo
hueco-5,hueco,1064-xantoo
hueco-6,hueco,1065-xovii
hueco-7,hueco,1066-hoveaputzputzni
huerfano-1,huérfano,1067-hivoma
hueso-1,hueso,1068-xao
huevo-1,huevo,1069-vachi
huicungo-1,huicungo,1070-pani
astrocaryum-1, astrocaryum,1070-pani
huir-1,huir,1071-honuuhi
huir-2,huir,1072-paxahicahi
huitina-1,huitina,1073-xoninha
huito-1,huito,1074-nanu
humita-1,humita,1075-mizi
humo-1,humo,1076-cohin
hundirse-1,hundirse,1077-jiquihi
hundirse-2,hundirse,1078-vuhihi
hungurahui-1,hungurahui,1079-hizan
hunguravilla-1,hunguravilla,1080-jupuhzan
idioma-1,idioma,1081-jovi
idioma-2,idioma,1082-yovan
iguana-1,iguana,1083-xucuu
iluminar-1,iluminar,1084-jotaquin
imitar-1,imitar,1085-tanaquin
imposible-1,imposible,1086-hatima
inclinar-1,inclinar,1087-cuxcanquin
inclinarse-1,inclinarse,1088-cuxcanhi
incubar-1,incubar,1089-jovonquin
indicar-1,indicar,1090-mutonquin
informar-1,informar,1091-honarmaquin
insipido-1,insípido,1092-hisho
insultar-1,insultar,1093-januquin
inteligente-1,inteligente,1094-shinanyaintestinosrmpoco
inyeccion-1,inyección,1095-chachiquin
poneruna-1, poner una,1095-chachiquin
ir-1,ir,1096-cahi
ir-2,ir,1097-vohi
isana-1,isana,1098-taa
isango-1,isango,1099-jonpox
ishpingo-1,ishpingo,1100-quinxon
ocoteajelskii-1, ocotea jelskii,1100-quinxon
isla-1,isla,1101-nazi
isula-1,isula,1102-vona
izquierda-1,izquierda,1103-poquihri
jabali-1,jabalí,1104-hitzapa
jabon-1,jabón,1105-javon
jacamar-1,jacamar,1106-pohinpohinzaquirihca
galbulacyarescens-1, galbula cyarescens,1106-pohinpohinzaquirihca
jadear-1,jadear,1107-xancanhqui
jaguar-1,jaguar,1108-hinanha
jalar-1,jalar,1109-tiniquin
jalar-2,jalar,1110-xaraquin
jebe-1,jebe,1111-shirinhca
jefe-1,jefe,1112-coshi
jefe-2,jefe,1113-hapo
jefe-3,jefe,1114-yovaajergonmshanoo
joven-1,joven,1115-maxo
jovencita-1,jovencita,1116-xontaco
jugar-1,jugar,1117-mucaahi
jugo-1,jugo,1118-junu
juntar-1,juntar,1119-topiquin
labio-1,labio,1120-cuxaa
labrar-1,labrar,1121-paoxquin
labrar-2,labrar,1122-ratzaquin
labrar-3,labrar,1123-tatuquin
lado-1,lado,1124-para
alladode-1,al lado de,1125-hiva
alladode-2,al lado de,1126-maxcaa
ladrondealgodon-1,ladrón de algodón,1127-vunpinhcaa
lagartija-1,lagartija,1128-tuo
lagartija-2,lagartija,1129-xavo
lagartija-3,lagartija,1130-xavonhalagartocaspi
lagartija-4,lagartija,1131-callophyllum
brasilense-1,brasilense,1132-hinojii
lago-1,lago,1133-hinyan
lago-2,lago,1134-jununha
lagrima-1,lágrima,1135-vuhon
lamer-1,lamer,1136-taxoquin
lanza-1,lanza,1137-chicaro
lapiz-1,lápiz,1138-cunuuti
lapicero-1,lapicero,1139-cunuuti
largo-1,largo,1140-chaii
lavar-1,lavar,1141-chacaaquin
lavar-2,lavar,1142-chocaquin
lavar-3,lavar,1143-nachooquin
lavar-4,lavar,1144-patzaquin
lavarse-1,lavarse,1145-choquiihilechuza
lavarse-2,lavarse,1146-nyctibeusgriseusglau
cidimbrasilianum-1,cidim brasilianum,1147-naacano
cidimbrasilianum-2,cidim brasilianum,1148-popo
cidimbrasilianum-3,cidim brasilianum,1149-xoxo
leer-1,leer,1150-yovanhi
legana-1,legaña,1151-vupo
lejos-1,lejos,1152-vizna
lengua-1,lengua,1153-jana
lengua-2,lengua,1154-jovi
lengua-3,lengua,1155-yovan
lengueta-1,lengüeta,1156-nutan
lena-1,leña,1157-caro
letra-1,letra,1158-cunuu
levantar-1,levantar,1159-hiyaaquin
levantar-2,levantar,1160-vuniquin
levantar-3,levantar,1161-zananquin
levantarse-1,levantarse,1162-vuniihi
levantarse-2,levantarse,1163-vuzohi
libelula-1,libélula,1164-zantan
libro-1,libro,1165-quirica
lijar-1,lijar,1166-xaquiquin
limite-1,límite,1167-zunun
limon-1,limón,1168-cachavin
liquido-1,líquido,1169-junu
liviano-1,liviano,1170-vacho
liviano-2,liviano,1171-xata
lisa-1,lisa,1172-vaton
lobo-1,lobo,1173-nihihino
locrero-1,locrero,1174-vaahocanha
crotophagamajor-1, crotophaga major,1174-vaahocanha
lodoso-1,lodoso,1175-cumo
lonbriz-1,lonbriz,1176-chixun
lonbriz-2,lonbriz,1177-nohin
loro-1,loro,1178-vaacoroloro
loro-2,loro,1179-amazonaochrocephala
loro-3,loro,1184-toshi
amazonafarinosa-1, amazona farinosa,1178-vaacoroloro
amazonafarinosa-2, amazona farinosa,1179-amazonaochrocephala
pionusmunstruus-1, pionus munstruus,1184-toshi
loromachaco-1,loro machaco,1185-canarono
luciernaga-1,luciérnaga,1186-cocosh
lugar-1,lugar,1187-jati
luna-1,luna,1188-hoxu
lunar-1,lunar,1189-muiz
lupuna-1,lupuna,1190-vohi
lupuna-2,lupuna,1191-xono
luz-1,luz,1192-juruuti
luz-2,luz,1193-nutu
llamar-1,llamar,1194-cunaahi
llano-1,llano,1195-zapa
llegar-1,llegar,1196-nocoohi
llenar-1,llenar,1197-maanaquin
llenar-2,llenar,1198-vopaquin
llenarse-1,llenarse,1199-vopahi
llenarse-2,llenarse,1200-yanihqui
lleno-1,lleno,1201-vopa
lleno-2,lleno,1202-yani
Ilevar-1,Ilevar,1203-hiyoquin
Ilevar-2,Ilevar,1204-nutuquin
Ilevar-3,Ilevar,1205-puuvahinhqui
Ilevar-4,Ilevar,1206-tohinvahinhqui
Ilevar-5,Ilevar,1207-voquin
Ilevar-6,Ilevar,1208-zauhqui
llorar-1,llorar,1209-harahqui
llorar-2,llorar,1210-shanshannahahi
llover-1,llover,1211-hovihqui
lloviznar-1,lloviznar,1212-vazivazihqui
Iluvia-1,Iluvia,1213-hovi
macana-1,macana,1214-vino
machacar-1,machacar,1215-chacaquin
machacar-2,machacar,1216-maztanquin
machacar-3,machacar,1217-ruruquin
machacador-1,machacador,1218-maztanti
machete-1,machete,1219-machito
machica-1,máchica,1220-mutoo
machucar-1,machucar,1221-chanoquin
madera-1,madera,1222-jii
madre-1,madre,1223-haveapadre
madriguera-1,madriguera,1224-xuu
maduro-1,maduro,1225-cani
maduro-2,maduro,1226-jovu
maduro-3,maduro,1227-pozi
madurarse-1,madurarse,1228-canihi
madurarse-2,madurarse,1229-chishocoohi
madurarse-3,madurarse,1230-jovuhi
madurarse-4,madurarse,1231-pozihi
magullarse-1,magullarse,1232-pitzinahahi
magulladura-1,magulladura,1233-pitzinaha
maiz-1,maíz,1234-xuqui
majas-1,majás,1235-hano
coelogenifsfulvus-1, coelogenifs fulvus,1235-hano
malo-1,malo,1236-hiroma
malo-2,malo,1237-hatima
malograr-1,malograr,1238-muhuquin
malograrse-1,malograrse,1239-muhucuuhi
malogrado-1,malogrado,1240-shuho
mama-1,mamá,1241-haveapadre
mamapaca-1,mamapaca,1242-vaquin
manacaraco-1,manacaraco,1243-janaca
ortalisguttata-1, ortalis guttata,1243-janaca
manco-1,manco,1244-munto
mancha-1,mancha,1245-muiz
mandar-1,mandar,1246-nichinquin
mandibula-1,mandíbula,1247-covii
mangodehacha-1,mango de hacha,1248-yamixao
mangodehacha-2,mango de hacha,1249-yancosh
mangodeolla-1,mango de olla,1250-muuti
mango-1,mango,1251-mancova
mani-1,maní,1252-tama
mano-1,mano,1253-mucun
manso-1,manso,1254-hina
manso-2,manso,1255-tanahma
manteca-1,manteca,1256-xuni
mantis-1,mantis,1257-vuxmipimati
manzanadeAdan-1,manzana de Adán,1258-tuton
manana-1,mañana,1259-nontu
manana-2,mañana,1260-nayamaquisapa
manana-3,mañana,1261-ateleshtermarginalus
mar-1,mar,1263-jununha
mareado-1,mareado,1264-vuropaznaahi
margen-1,margen,1265-zunun
marido-1,marido,1266-vunu
mariposa-1,mariposa,1267-cocoshtovi
mariposa-2,mariposa,1268-haapao
mariposa-3,mariposa,1269-jozo
martillar-1,martillar,1270-maztanquin
martillo-1,martillo,1271-maztantimartinpescadorjunuchaxa
masato-1,masato,1272-hatzatocon
maspute-1,maspute,1273-vinpan
masticar-1,masticar,1274-nacaquin
matar-1,matar,1275-hayanquin
matar-2,matar,1276-rutuquin
mazamorra-1,mazamorra,1277-vutun
me-1,me,1278-hiya
mecer-1,mecer,1279-vuyonquin
mecedor-1,mecedor,1280-muxcoronti
medicina-1,medicina,1281-rahoo
mediodia-1,mediodía,1282-mazpananan
meditar-1,meditar,1283-shinanhi
mejilla-1,mejilla,1284-tamo
menear-1,menear,1285-yaconquin
mentir-1,mentir,1286-hontzahi
mentir-2,mentir,1287-tzahi
menique-1,meñique,1288-mucunpapii
mermar-1,mermar,1289-vuxnuuhi
mes-1,mes,1290-hoxu
mesa-1,mesa,1291-jiritapan
meter-1,meter,1292-manuquin
mezclar-1,mezclar,1293-joziquin
mezclar-2,mezclar,1294-nuyooquin
mezclarse-1,mezclarse,1295-jozihi
mezquino-1,mezquino,1296-vashi
mi-1,mí,1297-hiya
mi-2,mí,1298-hun
miedo-1,miedo,1299-racuu
miel-1,miel,1300-jaya
miel-2,miel,1301-mishquin
miel-3,miel,1302-rapichi
miga-1,miga,1303-muzu
mio-1,mío,1304-huna
mirar-1,mirar,1305-hiinhi
mitad-1,mitad,1306-caxcu
moho-1,moho,1307-cono
mojar-1,mojar,1308-muchaaquin
mojada-1,mojada,1309-mucha
mojarse-1,mojarse,1310-muchahi
mojarseconlalluvia-1,mojarse con la lluvia,1311-hovanhqui
mojarra-1,mojarra,1312-yapa
mojarra-2,mojarra,1313-zanin
moler-1,moler,1314-ruruquin
molesto-1,molesto,1315-vachinhqui
molesto-2,molesto,1316-zinaahqui
molido-1,molido,1317-voyon
mono-1,mono,1318-hizo
montanas-1,montañas,1319-matonco
monte-1,monte,1320-nihi
morder-1,morder,1321-chancanquin
morder-2,morder,1322-natuxquin
morder-3,morder,1323-piquin
morder-4,morder,1324-tuxaquin
morir-1,morir,1325-nahi
morir-2,morir,1326-nocahi
morir-3,morir,1327-ruzohi
morir-4,morir,1328-coshtoohca
mosca-1,mosca,1329-naca
mosquitero-1,mosquitero,1330-hoxati
mosquitero-2,mosquitero,1331-vachi
mota-1,mota,1332-canxo
motelo-1,motelo,1333-xau
moverse-1,moverse,1334-vanahi
moverse-2,moverse,1335-vuncuhi
moverse-3,moverse,1336-xucuuhi
moverse-4,moverse,1337-xucuucanhinhi
mucho-1,mucho,1338-cahtin
mucho-2,mucho,1339-hicha
mucho-3,mucho,1340-naha
mudo-1,mudo,1341-janto
muela-1,muela,1342-machapa
muerto-1,muerto,1343-nahaa
mujer-1,mujer,1344-xano
mullaca-1,mullaca,1345-shimon
muneca-1,muñeca,1346-mapooyora
muneca-2,muñeca,1347-muvoxco
murcielago-1,murciélago,1348-cashi
murcielago-2,murciélago,1349-cashinha
musculo-1,músculo,1350-ponchon
musculo-2,músculo,1351-postoo
musculo-3,músculo,1352-tutusti
muslo-1,muslo,1353-quishi
muy-1,muy,1354-corvin
nadar-1,nadar,1355-naxihii
nadar-2,nadar,1356-vuhaquin
nalga-1,nalga,1357-chixo
nariz-1,nariz,1358-ruquin
narrar-1,narrar,1359-jovihi
navegar-1,navegar,1360-chachivoquin
neblina-1,neblina,1361-nishvun
necesitar-1,necesitar,1362-muronhi
negro-1,negro,1363-chaho
negro-2,negro,1364-cuchux
nido-1,nido,1365-naha
niebla-1,niebla,1366-nishvun
nieto-1,nieto,1367-vava
nieto-2,nieto,1368-xota
nigua-1,nigua,1369-manzanninomvacu
ninadelojo-1,niña del ojo,1370-vuronatonoexcjiya
ninadelojo-2,niña del ojo,1371-maqui
ninadelojo-3,niña del ojo,1372-yama
ninadelojo-4,niña del ojo,1373-ma
noche-1,noche,1374-yamuu
nombre-1,nombre,1375-janu
nosotros-1,nosotros,1376-nocu
nosotros-2,nosotros,1377-non
nube-1,nube,1378-naicohin
nuca-1,nuca,1379-mapochincan
nuera-1,nuera,1380-vavanha
nuestro-1,nuestro,1381-nocun
nuestro-2,nuestro,1382-nocunna
nuevo-1,nuevo,1383-vunaa
nutria-1,nutria,1384-junuhno
nutria-2,nutria,1385-vonzin
nejilla-1,ñejilla,1386-shinii
obedecer-1,obedecer,1387-nincaaquin
oeste-1,oeste,1388-varijiquihaioigaexcmaii
oeste-2,oeste,1389-pi
oir-1,oír,1390-nincaaquin
oje-1,ojé,1391-xonvii
fleusglabrata-1, fleus glabrata,1391-xonvii
ojo-1,ojo,1392-vuro
ola-1,ola,1393-vuchon
oler-1,oler,1394-xutuuhi
olfatear-1,olfatear,1395-xutuquin
olor-1,olor,1396-chucochuco
olor-2,olor,1397-pizi
olor-3,olor,1398-viya
oloroso-1,oloroso,1399-jutuu
olvidar-1,olvidar,1400-shinanyamaquin
olla-1,olla,1401-cuntii
olla-2,olla,1402-cuzpo
olla-3,olla,1403-tazo
ombligo-1,ombligo,1404-nato
oreja-1,oreja,1405-pavinqui
orilla-1,orilla,1406-papii
orinar-1,orinar,1407-jinzonhi
orina-1,orina,1408-jinzon
oro-1,oro,1409-vinshinsharaa
ortiga-1,ortiga,1410-hishishmovu
urticacia-1, urticacia,1410-hishishmovu
oruga-1,oruga,1411-tatiz
oscurecer-1,oscurecer,1412-yamuuhi
oscuro-1,oscuro,1413-cuchuxosohormiguero
oscuro-2,oscuro,1414-mermecophaga
jubata-1,jubata,1415-vii
jubata-2,jubata,1416-xahu
otorongo-1,otorongo,1417-hinanha
otravez-1,otra vez,1418-dihanaa
otravez-2,otra vez,1419-dshunaa
otro-1,otro,1420-rami
otro-2,otro,1421-ratzi
otro-3,otro,1422-vutza
otro-4,otro,1423-tza
ovillo-1,ovillo,1424-voxcaoyeexcmaii
ovillo-2,ovillo,1425-pi
paca-1,paca,1426-paca
paco-1,paco,1427-hazapa
padre-1,padre,1428-pa
mipadre-1,mi padre,1429-hupa
tupadre-1,tu padre,1430-mipa
supadre-1,su padre,1431-japa
pagar-1,pagar,1432-copiiquin
paiche-1,paiche,1433-vamu
paisano-1,paisano,1434-caivo
pajaro-1,pájaro,1435-hitzaa
palabra-1,palabra,1436-jovi
palabra-2,palabra,1437-yovan
paladar-1,paladar,1438-mazuruti
palido-1,pálido,1439-muox
palizada-1,palizada,1440-taxa
palma-1,palma,1441-mucunnataa
palmera-1,palmera,1443-jupu
palo-1,palo,1444-jiipaloma
palo-2,palo,1445-columbinatalpacoti
palometa-1,palometa,1447-pichaa
palta-1,palta,1448-paratai
pallar-1,pallar,1449-yozo
pampanilla-1,pampanilla,1450-vachi
panal-1,panal,1451-mano
panguana-1,panguana,1452-chonca
panguana-2,panguana,1453-xunuri
perdixcrypturus-1, perdix crypturus,1452-chonca
perdixcrypturus-2, perdix crypturus,1453-xunuri
pantalon-1,pantalón,1454-chiraxati
pantano-1,pantano,1455-hinyan
papa-1,papa,1456-chonvi
papa-2,papa,1457-pova
papa-3,papá,1458-hupaveapadre
papaya-1,papaya,1459-naanvimi
papaya-2,papaya,1460-naimi
papel-1,papel,1461-quirica
pequete-1,pequete,1462-racopararlalluviacanuzhi
pararse-1,pararse,1463-nihi
pared-1,pared,1464-chicuu
pariente-1,pariente,1465-caivo
pariente-2,pariente,1466-nami
parpado-1,párpado,1467-vurocatu
partir-1,partir,1468-puxuuhitcaxcuquin
pasar-1,pasar,1469-capoocuhi
pasar-2,pasar,1470-ruxohi
pasar-3,pasar,1471-vinohqui
pasto-1,pasto,1472-vazi
pasto-2,pasto,1473-xachi
pate-1,pate,1474-manzun
patear-1,patear,1475-catizquin
pato-1,pato,1476-nonon
carinamoschata-1, carina moschata,1476-nonon
paucar-1,paucar,1477-chanapaucar
paucar-2,paucar,1478-conioptilonmeilhenn
casicostria-1, casicostria,1477-chanapaucar
casicostria-2, casicostria,1478-conioptilonmeilhenn
yi-1,yi,1479-coruxcapaucar
yi-2,yi,1480-ostinopsdecumanus
paujil-1,paujil,1482-janzinpavadelmonte
paujil-2,paujil,1483-pipilecumanesis
mitumitu-1, mitu mitu,1482-janzinpavadelmonte
mitumitu-2, mitu mitu,1483-pipilecumanesis
pavo-1,pavo,1485-corocoro
peca-1,peca,1486-muiz
pecari-1,pecarí,1487-jono
peciolo-1,pecíolo,1488-taxopecosoajtotototoni
peciolo-2,pecíolo,1489-vutashivutashinhca
pecho-1,pecho,1490-chocho
pecho-2,pecho,1491-xochi
pedazo-1,pedazo,1492-caxcu
pedazo-2,pedazo,1493-pacux
pedazo-3,pedazo,1494-pishta
pedazo-4,pedazo,1495-tucuu
pedazo-5,pedazo,1496-vuxcuutza
pedir-1,pedir,1497-yocaaquin
pegar-1,pegar,1498-coshaquin
pegar-2,pegar,1499-cupazquin
pegar-3,pegar,1500-muhuquin
pegar-4,pegar,1501-nutanquin
pegar-5,pegar,1502-taxnaquin
pegar-6,pegar,1503-pazquinveaagujerear
pegajoso-1,pegajoso,1504-cuno
pegajoso-2,pegajoso,1505-hanin
peinarse-1,peinarse,1506-vooxuhuhi
peine-1,peine,1507-voxti
pelar-1,pelar,1508-raxcoquin
pelar-2,pelar,1509-ratzaquin
pelar-3,pelar,1510-raxcoocohi
pelar-4,pelar,1511-vuroquin
pelar-5,pelar,1512-xocaquin
pelar-6,pelar,1513-xocoohi
pelear-1,pelear,1514-muhunnahi
pelejo-1,pelejo,1515-nahin
pelejo-2,pelejo,1516-pozun
peligroso-1,peligroso,1517-racuu
pelo-1,pelo,1518-voo
pelo-2,pelo,1519-pishcanranti
pelota-1,pelota,1520-pirota
pelusa-1,pelusa,1521-chamax
pelusa-2,pelusa,1522-rani
pelusa-3,pelusa,1523-xopoo
pelvis-1,pelvis,1524-chincanpaxcaa
pellizcar-1,pellizcar,1525-hotuxquin
pena-1,pena,1526-muronhi
pene-1,pene,1527-voxqui
pensar-1,pensar,1528-shinanhi
pensamientos-1,pensamientos,1529-shinan
pequeno-1,pequeño,1530-jazto
pequeno-2,pequeño,1531-mishtin
pequeno-3,pequeño,1532-pishta
perder-1,perder,1533-vunoquin
perderse-1,perderse,1534-vunohi
perdiz-1,perdiz,1535-shoro
perdiz-2,perdiz,1536-cocanxovuuca
perdiz-3,perdiz,1537-coma
perdiz-4,perdiz,1538-comanha
perdiz-5,perdiz,1539-xanxara
perdiz-6,perdiz,1540-vucon
perdiz-7,perdiz,1541-coranhca
cryptruellussoui-1, cryptruellus soui,1535-shoro
gymoderustoetidus-1, gymoderus toetidus,1536-cocanxovuuca
gymoderustoetidus-2, gymoderus toetidus,1537-coma
gymoderustoetidus-3, gymoderus toetidus,1538-comanha
gymoderustoetidus-4, gymoderus toetidus,1539-xanxara
odontophorusstellatus-1, odontophorus stellatus,1540-vucon
tinamustao-1, tinamus tao,1541-coranhca
tocar-1,tocar,1542-tavutavuhi
tocar-2,tocar,1543-ramanquin
tocar-3,tocar,1544-vuaquin
perro-1,perro,1545-hino
persequir-1,persequir,1546-chivanquin
pesado-1,pesado,1547-cuztoo
pesado-2,pesado,1548-hiyu
pescar-1,pescar,1549-haxanquin
pescar-2,pescar,1550-mishquinquin
pescar-3,pescar,1551-ricanquin
pestana-1,pestaña,1552-vuxmi
pestanear-1,pestañear,1553-vupuchohohi
picaflor-1,picaflor,1554-pino
picante-1,picante,1555-shiya
picar-1,picar,1556-chachiquin
picar-2,picar,1557-quiyoquin
picar-3,picar,1558-tizinquin
picar-4,picar,1559-tucaquin
picar-5,picar,1560-tzacaquin
pichico-1,pichico,1561-shipi
pie-1,pie,1562-tahu
piepalmeado-1,pie palmeado,1563-tahuxacaa
piedra-1,piedra,1564-mancan
piedra-2,piedra,1565-maxax
piel-1,piel,1566-xacaa
pierna-1,pierna,1567-quishi
pierna-2,pierna,1568-quishtuu
pierna-3,pierna,1569-vitax
pihuicho-1,pihuicho,1570-churupihuicho
pihuicho-2,pihuicho,1571-brotogerisvirescens
aratingaveddelli-1, aratinga veddelli,1570-churupihuicho
aratingaveddelli-2, aratinga veddelli,1571-brotogerisvirescens
pijuayo-1,pijuayo,1575-panan
pijuayo-2,pijuayo,1576-vaninpinsha
pijuayo-3,pijuayo,1577-pteroglossusbauharnaessi
pinshamachaco-1,pinsha machaco,1580-xocurono
pinta-1,pinta,1581-xuno
pintar-1,pintar,1582-cunuuquin
pina-1,piña,1583-cancan
piojo-1,piojo,1584-hiya
pipra-1,pipra,1585-vonta
pirana-1,piraña,1586-macu
pirana-2,piraña,1587-titimitza
piripiri-1,piripiri,1588-zacoo
pisar-1,pisar,1589-jamaaquin
pisar-2,pisar,1590-pohaquin
pisco-1,pisco,1591-vuxnun
pistadero-1,pistadero,1592-xaxoranti
placenta-1,placenta,1593-vacuxama
planchar-1,planchar,1594-tanyanquin
plano-1,plano,1595-zapa
planta-1,planta,1596-vana
planta-2,planta,1597-viroro
plantadelpie-1,planta del pie,1598-tahunataa
plantar-1,plantar,1599-vanaquin
plata-1,plata,1600-coriiqui
plataforma-1,plataforma,1601-tapan
platano-1,plátano,1602-maninha
playa-1,playa,1603-mishpoo
plegado-1,plegado,1604-chonva
pluma-1,pluma,1605-puhi
poco-1,poco,1606-jazto
poco-2,poco,1607-mishtin
poco-3,poco,1608-pishta
poco-4,poco,1609-toropishta
podar-1,podar,1610-poztooquin
podrirse-1,podrirse,1611-payohi
podrida-1,podrida,1612-hamo
podrida-2,podrida,1613-payo
podrida-3,podrida,1614-pitziha
polilla-1,polilla,1615-manzan
polvo-1,polvo,1616-poto
pomulo-1,pómulo,1617-tantonoo
pona-1,pona,1618-nitzti
pona-2,pona,1619-taoo
pona-3,pona,1620-zino
iricarteaescorrija-1, iricartea escorrija,1618-nitzti
iricarteaescorrija-2, iricartea escorrija,1619-taoo
iricarteaescorrija-3, iricartea escorrija,1620-zino
poner-1,poner,1621-ratanquin
poner-2,poner,1622-tzahonquin
poner-3,poner,1623-vaquin
popa-1,popa,1624-chiparaa
popear-1,popear,1625-chiviiquin
porque-1,por qué,1626-cuzanon
poseer-1,poseer,1627-hivoquin
posible-1,posible,1628-hati
precio-1,precio,1629-copii
prender-1,prender,1630-juruuquin
prender-2,prender,1631-tziztoquin
prenada-1,preñada,1632-tohohi
prima-1,prima,1633-hachi
prima-2,prima,1634-povira
prima-3,prima,1635-vutza
prima-4,prima,1636-vutzahara
primo-1, primo,1633-hachi
primo-2, primo,1634-povira
primo-3, primo,1635-vutza
primo-4, primo,1636-vutzahara
primero-1,primero,1637-javiz
probar-1,probar,1638-paxcapaxcaquin
probar-2,probar,1639-tanaquin
protuberancia-1,protuberancia,1640-toncopucacunga
protuberancia-2,protuberancia,1641-penelopejacquacu
pucacuru-1,pucacuru,1643-jima
pueblo-1,pueblo,1644-juma
puente-1,puente,1645-junxaapocuta
puercoespin-1,puerco espín,1646-hiza
puercomarino-1,puerco marino,1647-zapun
puerta-1,puerta,1648-vuva
puerta-2,puerta,1649-xupoti
pulga-1,pulga,1650-hiya
pulga-2,pulga,1651-manzan
pulgar-1,pulgar,1652-mucunnuha
pulmon-1,pulmón,1653-tanxanpumagarza
pulmon-2,pulmón,1654-tigrisomalineatum
punchanachica-1,punchana chica,1656-tzancaa
punta-1,punta,1657-ruvo
pupila-1,pupila,1658-vuronato
pus-1,pus,1659-coo
que-1,qué,1660-jau
quebrada-1,quebrada,1661-junxaa
quebrar-1,quebrar,1662-muhuquin
quebrarse-1,quebrarse,1663-muhucuuhi
quebrarse-2,quebrarse,1664-tucuuhi
quejarse-1,quejarse,1665-chaniihi
quemar-1,quemar,1666-cohaquin
quemar-2,quemar,1667-munoohi
quemarse-1,quemarse,1668-cohoohi
quemarollas-1,quemar ollas,1669-hoviquin
querer-1,querer,1670-cuunhi
querer-2,querer,1671-cuunyovaahi
querido-1,querido,1672-nico
quetzal-1,quetzal,1673-canaaxaun
trogrons-1, trogrons,1673-canaaxaun
quien-1,quién,1674-tzova
quinilla-1,quinilla,1675-toshmo
racimo-1,racimo,1676-paxcan
racimo-2,racimo,1677-tuxca
raiz-1,raíz,1678-tapon
rajar-1,rajar,1679-caxcuquin
rajar-2,rajar,1680-notzaquin
rama-1,rama,1681-jiiponyan
rama-2,rama,1682-mutax
rapar-1,rapar,1683-maxcoquin
rapido-1,rápido,1684-coshi
rapidos-1,rápidos,1685-xovaxovahca
rascar-1,rascar,1686-cauxquin
rasgar-1,rasgar,1687-horaxquin
rasgar-2,rasgar,1688-puuzquin
rasgunar-1,rasguñar,1689-muiquin
raspar-1,raspar,1690-nizaquin
raspar-2,raspar,1691-rauxquin
raspar-3,raspar,1692-ratzaquin
raspar-4,raspar,1693-xotoquin
rasparse-1,rasparse,1694-choviihi
rastrillar-1,rastrillar,1695-vazaquin
rastrillo-1,rastrillo,1696-vazimatzooti
rata-1,rata,1697-maca
raton-1,ratón,1698-xoya
raya-1,raya,1699-hii
raya-2,raya,1700-pocuu
recargar-1,recargar,1701-napoquin
recibir-1,recibir,1702-hachiquin
recibir-2,recibir,1703-viquin
recordar-1,recordar,1704-shinanhi
redondo-1,redondo,1705-muchii
redondo-2,redondo,1706-toro
rehusar-1,rehusar,1707-jumahi
reir-1,reir,1708-mucahi
relampago-1,relámpago,1709-canaa
reloj-1,reloj,1710-varitopo
relojero-1,relojero,1711-joro
buduscumomtus-1, buduscu momtus,1711-joro
remar-1,remar,1712-vinaquin
remo-1,remo,1713-vinti
remo-2,remo,1714-viriti
remedar-1,remedar,1715-tanaquin
remendado-1,remendado,1716-nari
remocaspi-1,remo-caspi,1717-vucoo
remolino-1,remolino,1718-zama
renir-1,reñir,1719-vachinhqui
reparar-1,reparar,1720-haroquin
resbalar-1,resbalar,1721-rashquihqui
resbalar-2,resbalar,1722-tayanzqui
resbaloso-1,resbaloso,1723-hinyan
resbaloso-2,resbaloso,1724-tayanz
resbaloso-3,resbaloso,1725-yoncon
rescoldos-1,rescoldos,1726-chihirucun
resfriado-1,resfriado,1727-ruxohi
resina-1,resina,1728-vupon
respirar-1,respirar,1729-jovinhi
responder-1,responder,1730-copiiquin
restablecerse-1,restablecerse,1731-vurahi
retirarse-1,retirarse,1732-xucuuhi
retorcerse-1,retorcerse,1733-yucuuhi
retrocarga-1,retrocarga,1734-toohati
reunirse-1,reunirse,1735-tziztocohohi
reventar-1,reventar,1736-paishqui
reventar-2,reventar,1737-papashipapashihqui
reventar-3,reventar,1738-puxuuhi
revivir-1,revivir,1739-cayahi
revivir-2,revivir,1740-vuraahi
revolcar-1,revolcar,1741-taranquin
revolotear-1,revolotear,1742-zavihireyezuelo
revolotear-2,revolotear,1743-campylorhynchusturdi
nus-1,nus,1744-caronchonma
riachuelo-1,riachuelo,1745-paxco
rico-1,rico,1746-nihiz
rinones-1,riñones,1747-taunxco
rio-1,río,1748-junu
rio-2,río,1749-jununha
rio-3,río,1750-parovaca
robar-1,robar,1751-vihanquin
roca-1,roca,1752-mancan
rociar-1,rociar,1753-vazivazihqui
rocio-1,rocío,1754-nivii
rodar-1,rodar,1755-chiyuxcuhuhi
rodilla-1,rodilla,1756-rantonco
rojo-1,rojo,1757-vinshin
romper-1,romper,1758-moxaquin
romper-2,romper,1759-pohoquin
romper-3,romper,1760-puuzquin
romper-4,romper,1761-toshquinveaagujerear
romperse-1,romperse,1762-toshiihi
romperse-2,romperse,1763-tucuuhi
roncar-1,roncar,1764-nuanhi
ronronear-1,ronronear,1765-jonvinhi
ropa-1,ropa,1766-chopa
roto-1,roto,1767-moxi
rotula-1,rótula,1768-ravoxco
rozar-1,rozar,1769-zupaquin
sabalo-1,sábalo,1770-yapanha
saber-1,saber,1771-honanhi
sabor-1,sabor,1772-povahi
darun-1, dar un,1772-povahi
sacar-1,sacar,1773-cazpaquin
sacar-2,sacar,1774-muxaquin
sacar-3,sacar,1775-tzancaquin
sacar-4,sacar,1776-tzucaquin
sacar-5,sacar,1777-viquin
sacar-6,sacar,1778-vuhaquin
sacar-7,sacar,1779-ziriquin
sacudir-1,sacudir,1780-tariquin
sacudir-2,sacudir,1781-vanahi
sacudir-3,sacudir,1782-vishcovishcoquin
sacudir-4,sacudir,1783-zacozacoquin
sachapapa-1,sachapapa,1784-chonvi
sachapapa-2,sachapapa,1785-pova
sachavaca-1,sachavaca,1786-haa
sajino-1,sajino,1787-jono
sal-1,sal,1788-tashi
salir-1,salir,1789-cainhi
salir-2,salir,1790-joconhi
salir-3,salir,1791-jontanvahinhi
salir-4,salir,1792-jovanhi
salir-5,salir,1793-pitzqui
saliva-1,saliva,1794-coshtoohca
salpicar-1,salpicar,1795-tozaquin
saltar-1,saltar,1796-cashtiihi
saltar-2,saltar,1797-paraaxhqui
saltar-3,saltar,1798-pohqui
saludar-1,saludar,1799-mushacoquin
sanarse-1,sanarse,1800-cayahi
sanarse-2,sanarse,1801-cayaquin
sanarse-3,sanarse,1802-hiroohi
sanarse-4,sanarse,1803-horoohi
sanarse-5,sanarse,1804-vohohi
sanarse-6,sanarse,1805-vuraahi
sandia-1,sandía,1806-zantira
sangre-1,sangre,1807-jimi
sapo-1,sapo,1808-cara
sarna-1,sarna,1809-xuno
satisfecho-1,satisfecho,1810-yani
savia-1,savia,1811-vupon
secana-1,secana,1812-xopan
secarse-1,secarse,1813-choshihi
secarse-2,secarse,1814-nutzoohi
secarse-3,secarse,1815-shinanhqui
secarse-4,secarse,1816-tanohi
seco-1,seco,1817-choshi
seco-2,seco,1818-poto
seco-3,seco,1819-tano
seco-4,seco,1820-xana
sed-1,sed,1821-hayacatzanahi
seda-1,seda,1822-maninha
seguir-1,seguir,1823-choronvahinquin
seguir-2,seguir,1824-chivanquin
seguir-3,seguir,1825-chivanvoquin
seguir-4,seguir,1826-havoquin
seguir-5,seguir,1827-jontanquin
seguir-6,seguir,1828-tunanquin
selva-1,selva,1829-nihi
sembrar-1,sembrar,1830-chacaquin
sembrar-2,sembrar,1831-vanaquin
semilla-1,semilla,1832-juxu
semilla-2,semilla,1833-vuro
senda-1,senda,1834-macayati
sentarse-1,sentarse,1835-cutaxamuhqui
sentarse-2,sentarse,1836-maniihi
sentarse-3,sentarse,1837-quiztoohi
sentarse-4,sentarse,1838-tzahoohi
sentarse-5,sentarse,1839-vunohi
sentado-1,sentado,1840-tzahooha
senalar-1,señalar,1841-mutonquin
ser-1,ser,1842-jahi
serpentear-1,serpentear,1843-capoquin
seso-1,seso,1844-mapomurannoshansho
seso-2,seso,1845-opisthocomushoazin
shapaja-1,shapaja,1847-canzin
shapaja-2,shapaja,1848-xunpan
shapaja-3,shapaja,1849-xuvon
shebon-1,shebón,1850-coti
shicashica-1,shicashica,1851-nuna
shihushuaco-1,shihushuaco,1852-coman
shimbillo-1,shimbillo,1853-jiixunan
shimbillo-2,shimbillo,1854-jinchoxunan
shushupi-1,shushupi,1855-camoxsiexcjunhun
silbar-1,silbar,1856-xuiquin
silbo-1,silbo,1857-xuichi
sin-1,sin,1858-mahiz
sin-2,sin,1859-ntoveaagujerear
sitaraco-1,sitaraco,1860-maiz
sobar-1,sobar,1861-yaconquin
sobrino-1,sobrino,1862-hainvacu
sobrino-2,sobrino,1863-pihaa
sobrino-3,sobrino,1864-raru
sobrino-4,sobrino,1865-vurun
sobrino-5,sobrino,1866-xotanha
sobrino-6,sobrino,1867-yaroz
sobrina-1, sobrina,1862-hainvacu
sobrina-2, sobrina,1863-pihaa
sobrina-3, sobrina,1864-raru
sobrina-4, sobrina,1865-vurun
sobrina-5, sobrina,1866-xotanha
sobrina-6, sobrina,1867-yaroz
soga-1,soga,1868-ninxo
soga-2,soga,1869-nishi
soga-3,soga,1870-rizvii
sol-1,sol,1871-vari
soldadito-1,soldadito,1872-nuitzaa
paroariagularis-1, paroaria gularis,1872-nuitzaa
solear-1,solear,1873-varinhqui
solo-1,solo,1874-jaztii
solo-2,solo,1875-tii
solo-3,solo,1876-ruz
solo-4,solo,1877-stii
soltar-1,soltar,1878-junuquin
soltar-2,soltar,1879-pucaquin
sollozar-1,sollozar,1880-juixjuixqui
sombra-1,sombra,1881-hota
sonar-1,sonar,1882-taronhqui
sonar-2,soñar,1885-namaahi
sonarse-1,sonarse,1883-ruzinhqui
lanariz-1, la nariz,1883-ruzinhqui
sonreir-1,sonreír,1884-hozanhi
soplar-1,soplar,1886-puunhqui
soplar-2,soplar,1887-raxonhqui
soplar-3,soplar,1888-tzucuuhi
soplar-4,soplar,1889-xoonhqui
sordo-1,sordo,1890-pata
sostener-1,sostener,1891-hachiquin
su-1,su,1892-jan
su-2,su,1893-maton
sus-1, sus,1892-jan
sus-2, sus,1893-maton
suave-1,suave,1894-tanyan
suave-2,suave,1895-vacho
suave-3,suave,1896-vayo
subir-1,subir,1897-hinaahi
subir-2,subir,1898-hiniihi
subir-3,subir,1899-mapuuhi
sucio-1,sucio,1900-chaho
sucio-2,sucio,1901-cumo
sudar-1,sudar,1902-nizcanhi
suegra-1,suegra,1903-yaroz
sueno-1,sueño,1904-hoxacatzanahi
estarcon-1, estar con,1904-hoxacatzanahi
suicidarse-1,suicidarse,1905-rutucuhi
suicidarse-2,suicidarse,1906-rutuquin
sungaro-1,súngaro,1907-vain
suri-1,suri,1908-vonpa
suyo-1,suyo,1909-jana
suyo-2,suyo,1910-jatona
suyo-3,suyo,1911-nasal
tachar-1,tachar,1913-jamaquin
talon-1,talón,1914-tahuchipon
tallo-1,tallo,1915-taco
tallo-2,tallo,1916-taxo
tallo-3,tallo,1917-muxti
tamano-1,tamaño,1918-tiyo
tambien-1,también,1919-rivi
tambo-1,tambo,1920-tuvan
tambor-1,tambor,1921-tamora
tamishi-1,támishi,1922-hanyanx
tanganear-1,tanganear,1923-chachivoquintangarana
tanganear-2,tanganear,1924-moyrmicataiplaris
tapar-1,tapar,1926-runiquin
tapar-2,tapar,1927-vohoquin
tapar-3,tapar,1928-vupoquin
tapar-4,tapar,1929-vuztonquin
tapa-1,tapa,1930-vupoti
tarantula-1,tarántula,1931-xoohca
tarantula-2,tarántula,1932-yotan
tarde-1,tarde,1933-yantan
tarjar-1,tarjar,1934-tovuquin
tarjar-2,tarjar,1935-turuquin
tatatao-1,tatatao,1936-vuxatao
taza-1,taza,1937-tazo
tazon-1,tazón,1938-hiichinyux
tazon-2,tazón,1939-manzun
tejer-1,tejer,1940-tiihquin
tejer-2,tejer,1941-topiquin
tejido-1,tejido,1942-topii
tela-1,tela,1943-chopaxatu
telarana-1,telaraña,1944-vaznon
temblar-1,temblar,1945-pariparihqui
temblor-1,temblor,1946-maizacoohi
temblor-2,temblor,1947-miyan
temprano-1,temprano,1948-cayaahi
tender-1,tender,1949-putaaquin
tender-2,tender,1950-rupiquin
tendon-1,tendón,1951-pono
tenir-1,teñir,1952-juaquin
tenir-2,teñir,1953-pocoquin
tenir-3,teñir,1954-vashaquin
teparo-1,teparo,1955-voti
terminar-1,terminar,1956-harohtiquin
terminar-2,terminar,1957-nishmarizhi
terminar-3,terminar,1958-quiyooquin
terminar-4,terminar,1959-ruzohi
terminar-5,terminar,1960-zununquin
testiculos-1,testículos,1961-jovo
ti-1,ti,1962-miya
tia-1,tía,1963-coca
tia-2,tía,1964-cocahiroma
tia-3,tía,1965-chocahiroma
tia-4,tía,1966-hachi
tia-5,tía,1967-hiyaxovi
tia-6,tía,1968-papa
tia-7,tía,1969-papahiromaha
tia-8,tía,1970-xovi
tio-1, tío,1963-coca
tio-2, tío,1964-cocahiroma
tio-3, tío,1965-chocahiroma
tio-4, tío,1966-hachi
tio-5, tío,1967-hiyaxovi
tio-6, tío,1968-papa
tio-7, tío,1969-papahiromaha
tio-8, tío,1970-xovi
tibi-1,tibi,1971-taqui
sternamagnirostris-1, sterna magnirostris,1971-taqui
tibia-1,tibia,1972-vitaxcatu
tierno-1,tierno,1973-maco
tierno-2,tierno,1974-maxco
tierno-3,tierno,1975-xoo
tierno-4,tierno,1976-xovii
tierra-1,tierra,1977-mai
tierra-2,tierra,1978-nutu
tiesto-1,tiesto,1979-tunxon
tigre-1,tigre,1980-hino
timonear-1,timonear,1981-chiviiquin
tinaja-1,tinaja,1982-shomo
tingotero-1,tingotero,1983-contish
tinta-1,tinta,1984-pocoti
tintado-1,tintado,1985-vashavashahni
tirar-1,tirar,1986-canuquin
tirar-2,tirar,1987-taxquin
tirar-3,tirar,1988-mataxquin
tirar-4,tirar,1989-vupuzquin
tobillo-1,tobillo,1990-jopoxco
tobillo-2,tobillo,1991-jotoroz
perezoso-1,perezoso,1992-yonotima
perezoso-2,perezoso,1993-nahin
perezoso-3,perezoso,1994-pozun
tocon-1,tocón,1995-pacaroca
todavia-1,todavía,1996-hacaama
todo-1,todo,1997-quiyoo
tomar-1,tomar,1998-hayaquin
topa-1,topa,1999-moxoo
topa-2,topa,2000-vinsho
topo-1,topo,2001-nahpo
torcer-1,torcer,2002-chaztonquin
torcer-2,torcer,2003-mayaquin
torcer-3,torcer,2004-vuquiquin
torcido-1,torcido,2005-chazton
torcido-2,torcido,2006-vuquiya
torcido-3,torcido,2007-yomiriya
tortuga-1,tortuga,2008-xau
toser-1,toser,2009-hocohi
tos-1,tos,2010-hoco
tostar-1,tostar,2011-hoviquin
tostar-2,tostar,2012-tovanquin
trabajar-1,trabajar,2013-yonohi
traer-1,traer,2014-vuquin
trampa-1,trampa,2015-mavan
trasladarse-1,trasladarse,2016-mahi
travesano-1,travesaño,2017-tuuti
tres-1,tres,2018-quimisha
triste-1,triste,2019-paxnatrompetero
triste-2,triste,2020-psophialeucoptera
tronar-1,tronar,2022-canaapaishqui
tronco-1,tronco,2023-yora
tropezar-1,tropezar,2024-jotizquin
trozo-1,trozo,2025-tucuu
trueno-1,trueno,2026-canaa
trueno-2,trueno,2027-nairinhca
tu-1,tú,2028-min
tu-2,tú,2029-miya
tuberculo-1,tubérculo,2030-potzi
tuberculo-2,tubérculo,2031-ziyo
tucan-1,tucán,2032-haaxocu
ramphastoscuvieri-1, ramphastos cuvieri,2032-haaxocu
tumbar-1,tumbar,2033-camaquin
tumbar-2,tumbar,2034-piruuquin
tumbar-3,tumbar,2035-poxuquin
tumbar-4,tumbar,2036-riraquin
turbio-1,turbio,2037-joroz
tusa-1,tusa,2038-juxco
tuyo-1,tuyo,2039-mina
ulcera-1,úlcera,2040-vara
ultimo-1,último,2041-jaztii
ultimo-2,último,2042-stii
un-1,un,2043-tii
un-2,un,2044-stii
unchala-1,unchala,2045-taco
aramidescajanea-1, aramides cajanea,2045-taco
unico-1,unico,2046-jaztii
unico-2,unico,2047-stii
unir-1,unir,2048-ruchiquin
unir-2,unir,2049-topiquin
una-1,uña,2050-jontziz
una-2,uña,2051-muntziz
usar-1,usar,2052-haqui
usar-2,usar,2053-tonhinquin
usted-1,usted,2054-min
ustedes-1,ustedes,2055-man
ustedes-2,ustedes,2056-mato
utero-1,útero,2057-vacunantiuvilla
utero-2,útero,2058-pouroumeasubstrigosa
vaciar-1,vaciar,2060-jocaquin
vacio-1,vacío,2061-xavan
vagina-1,vagina,2062-chispi
vaguidoovahido-1,váguido o vahído,2063-vutzanvihi
vainilla-1,vainilla,2064-capi
valiente-1,valiente,2065-curuxyovaa
valle-1,valle,2066-maicunpo
vampiro-1,vampiro,2067-cashi
vapor-1,vapor,2068-cohin
varadero-1,varadero,2069-capacuuti
varadero-2,varadero,2070-cashiitati
varoncito-1,varoncito,2071-jonivacu
vellopubico-1,vello púbico,2072-xani
vena-1,vena,2073-pono
vena-2,vena,2074-puhitaco
venado-1,venado,2075-chaxo
vencejos-1,vencejos,2076-chono
vendar-1,vendar,2077-vuvuquin
vender-1,vender,2078-maroquin
veneno-1,veneno,2079-rahoo
venenoso-1,venenoso,2080-pahuyaa
vengarse-1,vengarse,2081-copiiquin
venir-1,venir,2082-johi
venir-2,venir,2083-jovanhi
venir-3,venir,2084-shinanvuhqui
venir-4,venir,2085-vuhi
ventilar-1,ventilar,2086-puunpuunquin
ver-1,ver,2087-hiinhi
verdad-1,verdad,2088-coon
verdaderamente-1,verdaderamente,2089-rocon
verde-1,verde,2090-maco
verde-2,verde,2091-mapax
verde-3,verde,2092-xoo
verde-4,verde,2093-xovii
verguenza-1,vergüenza,2094-ranoohi
verguenza-2,vergüenza,2095-ravinhi
vertebra-1,vértebra,2096-catuxao
verruga-1,verruga,2097-toxpi
vestido-1,vestido,2098-zaya
vestirse-1,vestirse,2099-zauhqui
vibora-1,víbora,2100-rono
viejo-1,viejo,2101-xuni
viento-1,viento,2102-niyu
viento-2,viento,2103-rova
vientre-1,vientre,2104-chinxanto
vientre-2,vientre,2105-xanquin
viga-1,viga,2106-hishratanti
viga-2,viga,2107-tuuti
virutas-1,virutas,2108-xotoo
visitar-1,visitar,2109-jizihi
vivir-1,vivir,2110-jahi
vivo-1,vivo,2111-jiriya
vivo-2,vivo,2112-vuraa
volcar-1,volcar,2113-taramuquin
voltear-1,voltear,2114-ravuquin
voltear-2,voltear,2115-taranquin
voltear-3,voltear,2116-vuhonquin
vomitar-1,vomitar,2117-jananquin
vomitar-2,vomitar,2118-chixoquin
vozalta-1,voz alta,2119-mucumahaz
y-1,y,2120-ya
ya-1,ya,2121-canon
ya-2,ya,2122-moha
yacupato-1,yacu pato,2123-junuponpon
heliornisfulica-1, heliornis fulica,2123-junuponpon
yarina-1,yarina,2124-jupu
yemadehuevo-1,yema de huevo,2125-manshin
yo-1,yo,2126-hun
yuca-1,yuca,2127-hatza
yucal-1,yucal,2128-hatzavai
yungururo-1,yungururo,2129-coma
zancudo-1,zancudo,2130-vii
zapallo-1,zapallo,2131-varan
zapote-1,zapote,2132-juchivin
zarigueya-1,zarigüeya,2133-maxoo
zorro-1,zorro,2134-hinshan
zorzal-1,zorzal,2135-coxcaa
turdusignobilis-1, turdus ignobilis,2135-coxcaa
zumo-1,zumo,2136-vupon
