GLOSS	POS	VALUE
abajo	(adv.)	mápoquí
abajo	(adv.)	-náman
abanicar	(vt.)	púun-púunquin
abanico	(nm.)	páyatí
abeja	(nf.)	máno
abeja	(nf.)	shára
abeja	(nf.)	vácon
abejarrón	(rm.)	mámon
abertura	(nf.)	púxvaa
ablandar	(vt.)	vayóquín
abrazar	(vt.)	hicooquín
abrir	(vt.)	vúpunquín
abrir	(vt.)	vúxnaquín
abrirse	(vi.)	chípuxúhuhi
abrirse	(vi.)	púxuuhí
abrirse	(vi.)	tóvaahí
abuela	(nf.)	-haxúni
abuelo	(nm.)	-paxúni
abuelo	(nm.)	xóta
aburrirse	(vi.)	játzanámuhi
acá	(adv.)	núri
acabar	(vt.)	haróhtiquin
acabar	(vt.)	quíyoo quín
acabar	(vt.)	zúnunquín
acariciar	(vt.)	hímaquín
acechar	(vt.)	vinpánquin
aceite	(nm.)	xuní
acepillar	(vt.)	xótoquín
ácido	(adj.)	cachá
acompañar	(vt.)	jaquínquin
acontecer	(vi.)	cúzhi
acostarse	(vi.)	rácaahí
acostumbrarse	(vi.)	vúyahí
acusar	(vt.)	chánicáhanquín
acusar	(vt.)	 chániiquín
achiote	(nm.)	máxu
adelantarse	(vi.)	rúzocáhinhí
adormecer	(vi.)	hóxahí
adormecer	(vi.)	mízinhí
adornar	(vt.)	názquiquín
adorno	(nm.)	rúxo
adorno	(nm.)	shínoxú ta
afilar	(vt.)	cúnoquín
afilar	(vt.)	xúshqui quín
afilador	(nf.)	cúnotí
afilado	(adj.)	cunóafrecho (rm) xúpo
afuera	(adv.)	júmannáqui
agacharse	(vi.)	cácohí
agalla	(nf.)	túpico
agarrar	(vt.)	háchiquín
agitar	(vt.)	tóvunquín
agitar	(vt.)	vúchonhí
agruparse	(vi.)	tzíztocóhohi
agruparse	(vi.)	zútuuhí
agua	(nf.)	junú
agua	(nf.)	vacónhma
aqua potable	(nf.)	hóvi núvan
aguamanil	(nm.)	cúnchaa
aguijón	(nm.)	chíyux
águila, harpaya harpayja	(nf.)	tútupáha
aguja	(nf.)	(DI) jómox
aguja	(nf.)	(DS) xómox
agujereado	(adj.)	putz-pútzni
agujerear	(vt.)	-cháxquin
agujerear el brazo		pocháx quin
agujerear la cabeza		macháx quin
agujerear el mejilla		tancháx quin
agujerear el cuello		tucháx quin
agujerear la lengua		jancháx quin
agujerear la mano		mucháx quin
agujerear la pierna		vicháx quin
agutí	(n.)	shíshi
ahogarse	(vi.)	júnumúranhi
ahora	(adv.)	canón
ahora	(adv.)	ráma
ahumar	(vt.)	nánuquín
airarse	(vi.)	zinááhqui
aire	(nm.)	matzíají (rm) yochí
ajustar	(vt.)	cátaxquín
ala	(nf.)	púhialacrán (m) nívo
albergue	(nm.)	máhotatí
alcanzar tratar de-,	(vt.)	chívanvóquin
alegre, estar-	(vi.)	jásharááhi
aleta	(nf.)	cashpí
aleta	(nf.)	vumá
alga	(nm.)	hítzon
algodón	(nm.)	xapó
algunos	(adj.)	túxu
alisar	(vt.)	tayánquin
almeja	(nf.)	chanpísh
almendro	(nm.)	háco
almohada	(nf.)	vópiti
alto	(adj.)	chaíí
alumbrar	(vt.)	jótaquín
alumbrar	(vt.)	jurúú quin
alzar	(vt.)	vácuquín
alzar	(vt.)	zánanquín
allá	(adv.)	honó
allá	(adv.)	hóva
allá	(adv.)	jáno
allá	(adv.)	-jári
allanar	(vt.)	jánunquín
allanar	(vt.)	ránun quín
allanar	(vt.)	ráyunquín
allanar	(vt.)	váázaquín
amable	(adj.)	shínanyá
amahuaca, palabra o idioma	(nm.)	jóvi
amahuaca, palabra o idioma	(nm.)	yóvan
amanecer	(vi.)	nútuhí
amargo	(adj.)	hátimá
amargo	(adj.)	mocá
amargo	(adj.)	tzimó
amarillo	(adj.)	pánshin
amarrar	(vt.)	cataxquin
amarrar	(vt.)	chicun quin
amarrar	(vt.)	nuxaquin
amarrar	(vt.)	runuxquin
amarrar	(vt.)	tuquin
amarrar	(vt.)	tuxcuquin
amarrar	(vt.)	xuquiquín
amasar	(vt.)	camozquin
amasar	(vt.)	mótza quin
amasisa	(nf.)	cáshovín
ambidextro	(adj.)	hócun-vúcon rávuu
amígdala	(nf.)	túpico
amigo	(n.)	jaquínhti
amigo	(n.)	múcaatí
amontonar	(vt.)	máánaquín mánchinquín
amontonar	(vt.)	mázonquín
amontonar	(vt.)	quín chiquín
amontonar	(vt.)	tzízpoquín
ampolla	(nf.)	chóro
ampolla	(nf.)	múxvon
anaconda, cunectes marinus	(nf.)	júnu-ronónha
anciano	(adj.)	xuní
andar	(vi.)	cáhi
andar	(vi.)	chíruxcúhi
andar	(vi.)	híyaaváhinhqui
andar	(vi.)	vóhi
anguila	(nf.)	cóninhá
anguila	(nf.)	cónzu
anguila	(nf.)	núronanillo (nm) múhozóti
animal	(nm.)	chítu
animal	(nm.)	yóhinná
antena	(nf.)	ruxní
antes	(adv.)	rámaaná
antes	(adv.)	váhocún
anublarse	(vi.)	nai-cháhohi
anudar	(vt.)	vúcaxnáhaquín
anzuelo	(nm.)	míshquití
añadir	(vt.)	nútanquín
año	(nm.)	vári-xútuu
añuje	(nm.)	mári
apagar	(vt.)	nocáquin
apagar	(vt.)	vutzíz quin
aplanar	(vt.)	vuparáquin
aplaudir	(vi.)	paóx-paóxhquiapoyar (vi
aplaudir	(vi.)	vt) copáxquin
aplaudir	(vi.)	cúpinquín
aplaudir	(vi.)	vóvacáhahi
apresar	(vt.)	xúpoquín
aprisionar	(vt.)	(DS) xúpoquín
aprisionar	(vt.)	(DI) zípoquín
apuntar	(vt.)	mútonquín
aquí	(adv.)	nunó
aquí	(adv.)	núritzínca
arambasa	(nf.)	vácon
araña	(nf.)	múncha
arañar	(vt.)	múiquín
arañarse	(vi.)	múicánanhí
árbol	(nm.)	jíí
arbusto	(nm.)	jii-máxo
arbusto	(nm.)	manpá
arcilla	(nf.)	múú
arco	(nm.)	chíyun
arco	(nm.)	piyacánti
arco	(nm.)	yóhirí
arco iris	(nm.)	naanváhi
arder	(vt.)	jurúúquin
ardilla	(nf.)	cáiz
ardilla	(nf.)	capán
arena	(nf.)	míshpoo
arete	(nm.)	páronónti
armadillo	(nm.)	páno
aroma	(nm.)	jánu
dar un aroma	(vi.)	póvahí
arpón	(nm.)	chicáro
arrancar	(vt.)	túzuuquín
arrastrar	(vt.)	xaráquin
arreglar	(vt.)	hároquín
arreglar	(vt.)	horí quin
arriba	(adv.)	mánanhó
arriba	(adv.)	mázohá
arrimar	(vt.)	pétaxquín
arrodillarse	(vi.)	rámuncóhohí
arrodillarse	(vi.)	ránpihí
arroya	(nm.)	páxco
arrugar	(vt.)	vuchónquin
arrugar	(vt.)	zuví quin
arruga	(nf.)	vúchon
arrugado	(adj.)	chónpi
arrugado	(adj.)	zúvi zúvihni
arrugarse	(vi.)	vúchonhí
asar	(vt.)	xóhiquín
asado	(adj.)	xóhi
ascua	(nm.)	chíhirúcun
asentar	(vt.)	tzáhonquín
aserrar	(vt.)	xátuquín
aserrín	(nm.)	jii-póto
asfixiar	(vt.)	páyaquín
así	(adv.)	cáxon
así no más	(adv.)	jávinonnú
asiento	(nm.)	tzáhootí
áspero	(adj.)	cúrux
áspero	(adj.)	chóvox
astillar	(vt.)	paóxquin
astillar	(vt.)	rátza quín
asustar	(vt.)	rátuquín
asustarse	(vi.)	ratúhcuhi
atajar	(vt.)	vúonquín
atascarse	(vi.)	cócoohí
aterrizar	(vi.)	pácuuhí
atracar	(vt.)	rúpiquín
atracar	(vt.)	táxna quín
atrás	(adv.)	cáchiihó
atravesar	(vi.)	mashítaquín
atravesar	(vi.)	nácohí
atravesar	(vi.)	shítaquín
aullar	(vi.)	pócuhí
amentar	(vt.)	vóhoquín
ave	(nm.)	póhiyá
avergonzarse	(vi.)	ránoohí
tener vergüenza	(vi.)	rávin hí
avisar	(vt.)	chániihí
avisar	(vt.)	hónanmá quin
avispa	(nf.)	mári-vína
avispa	(nf.)	níshvin
avispa	(nf.)	vína
axila	(nf.)	píshcan
ayahuasca	(nf.)	hóni
ayudar	(vt.)	jaquínquin
ayunar	(vi.)	jíriyámahi
ayunar	(vi.)	zámaahí
azotar	(vt.)	cóshaquín
azotar	(vt.)	múhuquín
azúcar	(nf.)	míshquin
azúcar	(nf.)	taa-váta póto
azul	(adj.)	náva
babear	(vi.)	cúmupónohi
bagazo	(nm.)	xácaa
bagazo	(nm.)	xúpo
bagre	(nm.)	tónon
bailar	(vi.)	chírinhí
bajar	(vi.)	hípaahí
bajar	(vi.)	vótoohí
bajar	(vi.)	vótuquín
bajito	(adj.)	manpá
bajito	(adj.)	tóro
bajito	(adj.)	vúxnuu
balancear	(vt.)	vúyonquín
balear	(vt.)	tóóhquin
balsa	(nf.)	tápan
banca	(nf.)	cúnan
banda	(nf.)	múho
bañarse	(vi.)	náxihí
bañarse	(vi.)	nónoohí
barba	(nf.)	cuní
barbasco	(nm.)	xatá
barranco	(nm.)	túnarmá
barrer	(vt.)	mátzooquín
barrer	(vt.)	vazá quin
barriga	(nf.)	póco
barro	(nm.)	mápoo
barro	(nm.)	nuyó
bastante	(adj.)	hícha
bastante	(adj.)	náha
bastón	(nm.)	cúcootí
bastón	(nm.)	míti
basura	(nf.)	mátzoo-pótaa
basura	(nf.)	tzíz po
batir	(vt.)	tóvunquín
batidor	(nm.)	híí
batidor	(nm.)	vintí
batidor	(nm.)	vírití
baúl	(nm.)	vonantí
bazo	(nm.)	nátza
beber	(vt.)	háyaquín
bebida	(nf.)	hayatí
besar	(vt.)	-tzóóhquin (Vea agujerear)
bíceps	(nm.)	pónchon
bilis	(nf.)	taí
bisabuelo	(nm.)	xóta-xúni
blanco	(adj.)	joxó
blanquearse	(vi.)	cauhí
blusa	(nf.)	cóton
boa	(nf.)	júnu-róno
boca	(nf.)	cúxaa
boca de una quebrada	(nf.)	páxoo-táxcaa
bocinar	(vt.)	xóónhqui
bocina	(nf.)	xoónti
bofetadas, dar de	(vt.)	-pázquin (Vea agujerear)
bolsa	(nf.)	písha
bolsillo	(nm.)	jóvo
bombonaje	(nm.)	vómu
bonito	(adj.)	sháraa
boquichico	(nm.)	yomá
borde	(nm.)	pápii
borde	(nm.)	zúnun
borra	(nf.)	xópoo
borracho	(adj.)	páhunhá
borrar	(vt.)	tóvuquín
borrar	(vt.)	túruquín
borronear	(vt.)	vísha-víshaquin
bostezar	(vi.)	xávahí
botar	(vt.)	pótaquín
botar	(vt.)	vóóquin
bravo	(adj.)	hónan
bravo	(adj.)	póvun
bravo	(adj.)	zína,
brazalete	(nm.)	múnuxúti
brazo	(nm.)	pónyan
brazo	(nm.)	póxtuu
brea	(nf.)	vóvii
brillar	(vt.)	shivínquin
brillante	(adj.)	shívishá raa
brincar	(vi.)	cáshitiihí
brincar	(vi.)	parááx qui
brotar	(vi.)	jóconhí
brujo	(nm.)	yópamáti
brujo	(nm.)	yóvuu
bueno	(adj.)	sháraa
bueno	(adj.)	shínanyá
bufeo	(nm.)	coshóxca
bujurque	(nm.)	máhin
bulla, hacer	(vi.)	patááquin
bulla, hacer	(vi.)	vanváquin
bbujear	(vi.)	mónoshí-mómoshíh qui
bbujear	(vi.)	póvu-póvhi
burlarse	(vi.)	jánuquín
burlarse	(vi.)	mucá quin
buscar	(vt.)	vúnaquín
buscar	(vt.)	cúmanquín
cabello	(nm.)	vóó
cabeza	(nf.)	mápo
cacao	(nm.)	chánxonrúnxa
cacarañado	(adj.)	vútashí-vúta shínhca
cacarear	(vi.)	cóxcoxrííhqui
cacique	(nm.)	jóni-cúrux
caer	(vi.)	chínyanhí
caer	(vi.)	pácuuhí ruyócohi
caer	(vi.)	táranvúhuhi
caer	(vi.)	tíínqui hí
caída de agua	(nf.)	pónonnái
caída de la corriente	(nf.)	xóva-xováhca
caimán	(nm.)	cápuu
caimito	(nm.)	vúponvín
caja	(nf.)	vonantí,
calabaza	(nf.)	xátan
calambre	(nm.)	mízin
calavera	(nf.)	mápo-xaó
caldo	(nm.)	junú
calentar	(vt.)	hitzízquin
calentar	(vt.)	yohó quin
caliente	(adj.)	hítziz
caliente	(adj.)	nízcan
caliente	(adj.)	yóho
calmarse	(vi.)	vúyahí
calumniar	(vt.)	jánuquín
calvo	(adj.)	mánco
callarse	(vi.)	níshmaahí
cama	(nf.)	hóxa-tápan
cama	(nf.)	hóxatí
camaleón	(nm.)	hápashíro
camarón	(nm.)	mapí
camino	(nm.)	váhin
camisa	(nf.)	cóton
camote	(nm.)	cári
camungo, palademea cornuia	(nm.)	háávucó
canal	(nm.)	xóvii
canal nasal	(nm.)	rúxorátani
canasta	(nf.)	cácan
candela	(nf.)	chíhi
cangrejo	(nm.)	xácaa
cangrejo	(nm.)	xamán
cangrejo	(nm.)	xancho
canino	(nm.)	mácoxquí
canoa	(nf.)	rónti
canoso	(adj.)	voxní
cansarse	(vi.)	hóxacátznáhi
cansarse	(vi.)	páquinináhi
cansarse	(vi.)	pácunínnáhahi
cantar	(vi.)	jávahí
cantar	(vi.)	vínihí
cantar	(vi.)	vuahí
canto	(nm.)	jáva
canto	(nm.)	vuá
caña	(nf.)	táá
caña brava	(nf.)	váca-táá
caoba	(nf.)	híshcanánti
capibara	(nf.)	hámuncapirona
capibara	(nf.)	calyoophylluna sprucea
num	(nf.)	haxó
capuchino	(nm.)	ríroo
capuchino	(nm.)	shíno
capuchino	(nm.)	shinónha
capuchino	(nm.)	vazá
cara	(nf.)	vúnmanná
cara aplanada	(adj.)	vúpará
caracol	(nm.)	mónton
caracol	(nm.)	nócho
caracol	(nm.)	nóchonhá
caracol	(nm.)	nóvo
caracha	(nf.)	xúnoní
carachama, hypostomotina	(nf.)	hípo
carachama, hypostomotina	(nf.)	híshquin
carachupa	(nf.)	cashtá
carachupa	(nf.)	yáish
carbón	(nm.)	múnshon
cárcel	(nf.)	cáravózo
cargar	(vt.)	híyaaquín
cargar	(vt.)	púúquin
cargar	(vt.)	túponáquin
carnaval	(nm.)	caní
carne	(nf.)	námi
carpintero, celeus flavus	(nm.)	vóvin
cartílago de la nariz	(nm.)	rúma xá
cartucho	(nm.)	cápozóro
casa	(nf.)	tápaz
casarse	(vi.)	haínquin
casarse	(vi.)	vunúquin
casarse	(vi.)	xáno-víquin
cáscara	(nf.)	xácaa
caserío	(nm.)	júma
cashuera	(nf.)	xóva-xováhca
casi	(adv.)	-cáhan
casi	(adv.)	-cáviz
castañetear los dientes	(vt.)	xúta-viyáxquin
castigar	(vt.)	copííquincatahua
castigar	(vt.)	erythrotilon paraense
	(nf.)	hánaa
catarata	(nf.)	vúro-córo
caucho	(nm.)	víhinvín
cavar	(vt.)	póquinquín
cavar	(vt.)	táxquin quín
cavar	(vt.)	vuvííquin
cazador	(nm.)	muquí
cazador	(nm.)	mushpí
cedro	(nm.)	cónxan
ceniza	(nf.)	córo
ceniza	(nf.)	chíhimapó
cepa del árbol	(nf.)	jii-vóroo
cera de abeja	(nf.)	vóvii
cerbatana	(nm.)	túpi
cercar	(vt.)	cúntuquín
cerca	(adj.)	horamá
cerco	(nm.)	chícuu
cerda	(nf.)	ráni
cerebro	(nm.)	mápomúranno
cerquillo	(nm.)	vurúzca
cortarse el cerquillo	(vi.)	vúztuuhí
cerumen	(nm.)	pánxan
cerrar	(vt.)	cúntuquín
cerrar	(vt.)	cuvuun quín
cerrar	(vt.)	vúpoquín
cerro	(nm.)	cárunnáha
cerro	(nm.)	máchi
cerro	(nm.)	mánan
cetico	(nm.)	vócon
cetico	(nm.)	xáncon
cicatriz	(nf.)	chóro
cicatriz	(nf.)	vará
ciego	(adj.)	vutácielo (rm) naíciempiés (rm) xacó
cinturón	(nm.)	chínuxúti
clamr	(vi.)	zaíhqui
claro	(adj.)	vúxna
clavar	(vt.)	cáchhaxquín
clavar	(vt.)	tzáca máquin
clavícula	(nf.)	túcuzánti
clavos	(nm.)	rávon
cloquear	(vi.)	cóxcoxrííhqui
cobarde	(nm.)	rácuuhái
cocinar	(vt.)	jováquin
cocinar	(vt.)	vaháquin
cocinad	(adj.)	jová
cocona	(nf.)	pópoo
cocha	(nf.)	hínyan
cochino	(adj.)	cumó
codiciar	(vt.)	cuunnáhahi
codo	(nm.)	vapóxco
coger	(vt.)	cúzaquín
coger	(vt.)	víquin
cojear	(vi.)	chanpáhqui
cojo	(adj.)	chantó
cojo	(adj.)	quintó
cojo	(adj.)	tánto
cola de una animal	(nf.)	jína
colear	(vi.)	jíshca-jíshcaquín
colgar	(vt.)	cácuuhí
colgar	(vt.)	róntanquín
colgar	(vt.)	vúonquín
colgar	(vt.)	xuróntan-xuróntan quín
colgarse	(vi.)	rónoohí
colina	(nf.)	mátoncó
colmillo	(nm.)	xucóshqui
colocar	(vt.)	tzáhonquín
colpa	(nf.)	múú
collar	(nm.)	cácuuti
comején	(nm.)	nácax
comer	(vi.)	cócoquín
comer	(vi.)	háqui
comer	(vi.)	jírihí
comer	(vi.)	mócoquín
comer	(vi.)	náihí
comer	(vi.)	 píquin
comestible	(adj.)	háti
comida	(nf.)	jíriti
comida	(nf.)	píti
comezón	(nf.)	xóva
como	(adv.)	-cáviz
cómo	(int.)	cuzá
cómo	(int.)	jáú
compañero	(nm.)	jaquínhti
compartir	(vt.)	húmanquín
completar	(vt.)	zúnunquín
completamente	(adv.)	-córvin
comprar	(vt.)	mároquíncon (pr) ni,-vuu,-ya
concebir	(vi.)	tóhohí
concha	(nf.)	chávox
concha	(nf.)	paó
concha	(nf.)	tzanó
cóndor, sarcoramphus papa	(nm.)	híshmin
conducir	(vt.)	mútzonquín
conejo	(nm.)	hotzá
congregarse	(vi.)	zútuuhí
conocer	(vi.)	hónanhí
contar	(vt.)	tóponquín
conversar	(vi.)	jóvíhí
convocar	(vt.)	cunaquín
copal	(nm.)	zúnpa
coralillo	(nm.)	máxu-róno
corazón	(n.)	jóvintí
corona, coronilla	(nf.)	máiti
corona, coronilla	(nf.)	máon
corona, coronilla	(nf.)	máshicóti
corona, coronilla	(nf.)	mázpanán
cortar	(vt.)	haztúquin
cortar	(vt.)	múztu quín
cortar	(vt.)	rúraquín
cortar	(vt.)	táxtuquín
cortar	(vt.)	xátu quín
cortarse	(vi.)	púhohí
corteza	(nf.)	ráxvii
corto	(adj.)	tóro
correr	(vi.)	niriquí-niriquíhi
correr	(vi.)	páxahicáhi
corriendo	(adv.)	coshí
corriente	(nf.)	júnu-núxva
corva	(nf.)	vítzucú
cosechar	(vt.)	túzcuquín
cosechar	(vt.)	vótzo quín
coser	(vt.)	cúxuquín
costilla	(nf.)	pishí
costilla	(nf.)	rúmacó
costra	(nf.)	vúnxan
coto	(nm.)	róho
coyuntura	(nf.)	múcun-xáo
coyuntura	(nf.)	mutó ro
crecer	(vi.)	húhúhi
crecer	(vi.)	púxcoohí
crecer	(vi.)	xúnihí
creer	(vi.)	cóonhí
crespo	(adj.)	shóri-shoríhca
cresta	(nf.)	mashpí
cría	(nf.)	vacú
críar	(vt.)	púxcoquín
croar	(vi.)	cúohí
crudo	(adj.)	nápax
crudo	(adj.)	páxa
cruzar un río	(vt.)	pócuquín
cuál	(int.)	ráto
cuándo	(adv.)	canón
cuando	(int.)	cuza tínyan
cuánto	(int.)	cuzáhtin
cuarto	(nm.)	vuxcúútza
cubrir	(vt.)	mápoquín
cubrir	(vt.)	vúniquín
cubrir	(vt.)	vúpoquín
cucaracha	(nf.)	chintá
cuchichear	(vi.)	vánxuxhí
cuchillo	(nm.)	chíchicá
cuello	(nm.)	túxo
cuenca, ocular	(nf.)	vúro-xánto
cuerno	(nm.)	manxo
cuero	(nm.)	xácaa
cuerpo	(nm.)	yóra
cuidar	(vt.)	chítuquín
culata de casa	(nf.)	híshtoróhca
culebra, especie de	(nf.)	ronó
culpar	(vt.)	chániiquín
cultivar	(vt.)	hóroquín
cumbrera	(nf.)	mácanontí
cumbrera	(nf.)	mápoo tí
cumbrera	(nf.)	mávuutí
cumpleaños	(nm.)	hun-nutú
cuna	(nf.)	muxco-rónti
cunchi	(nm.)	tónon
cuñada, cuñado	(n.)	cháhiyaa
cuñada, cuñado	(n.)	cháhiyaa
cuñada, cuñado	(n.)	haíntza
cuñada, cuñado	(n.)	vunútza
curandero	(nm.)	rómu
curar	(vt.)	rahóóquin
curuhuinse	(nf.)	máxcun
curvo	(adj.)	vúquiyá
curvo	(adj.)	yómiriyá
cushma	(nf.)	táricushuri
cushma	(nf.)	phalacrocorax olivaceus
	(nm.)	junu-xócu
chacra	(nf.)	naú
chacra	(nf.)	vái
chacra	(nf.)	vai-cópa
chambira	(nf.)	comári
chamuscar	(vt.)	zíyaquín
chancho	(nm.)	cóchi
chapotear	(vt.)	tónpinquín
chaquira	(nf.)	tóncomóro
charapa	(nf.)	cavóóri
charapa	(nf.)	xávuchau (exc) cáyotánonhí
chicua, piaya cayana	(nm.)	chísh ca
chicha	(nf.)	háyatí
chicharra	(nf.)	tzuhóchihuaco
chicharra	(nf.)	psarocolius angusti frons alfredi
chicharra	(nf.)	psarocolius atro
virens	(nm.)	hítzoo
chillar	(vi.)	vaxváxhqui
chimicua	(nf.)	páma
chinche	(nm.)	hizomnontóchirriclés
chinche	(nm.)	pionites leucogaster
	(nm.)	chíhinquíyo
chirimoya	(nf.)	xaunmúya
chismear	(vt.)	chániihí
chocar	(vt.)	cóshaquín
chocar	(vt.)	-tízquin (Vea agujerear)
choro, hapale	(nm.)	hizo-córo
chosna	(nf.)	xúmun
chosna	(nf.)	zánpon
chotacabras	(nf.)	chóshpu
chupar	(vt.)	hóyoquín
chupar	(vt.)	tóconquín
daledale	(nm.)	máni-pozí
danzar	(vt.)	chírinhí
dar	(vt.)	hínanquín
dar	(vt.)	humanquín
dar a luz	(vt.)	vácu-víquin
dar de comer	(vt.)	jiríquin
dar palmadas	(vi.)	paóx paóxhqui
dar sombra	(vt.)	hótahí
dar vueltas	(vt.)	chíyuxcúhu hide veras (exc) cóón
dar vueltas	(vt.)	-rócon
débil	(adj.)	vachó
débil	(adj.)	váyo
decir	(vt.)	yóhiquín
decir al oído	(vi.)	vánxuxhí
decir la verdad	(vi.)	coonhí
dedos	(nm.)	múcun
dedos	(nm.)	múvi
dedos	(nm.)	rúvo
dejar	(vt.)	júnuquín
dejar	(vt.)	júnuuhí nuvúhranquín
dejar	(vt.)	vavánhqui
dejar	(vt.)	vavú hranquín
dejar	(vt.)	xónonváhi
dejar	(vt.)	xónonvu ránhqui
delicioso	(adj.)	nóvu
demonio	(nm.)	yóvuu
demorarse	(vi.)	zánahí
derecha, a la	(adv.)	jahóri
derecho	(adj.)	múztun
derramar	(vt.)	jócaquín
derramar	(vt.)	naóquin
derramar	(vt.)	tázaquín
derrumbar	(vt.)	tontónquin
derrumbe	(nm.)	máxaráá
desagradable	(adj.)	cumó
desamarrarse	(vi.)	zírocóhohi
desaparecer	(vi.)	níshmarízhi
desaparecer	(vi.)	yamarízhi
desatar	(vt.)	púcaquín
descansar	(vi.)	jóvinhí
descender	(vi.)	hípaahí
descolorarse	(vi.)	cátoxcóhohi
descuartizar	(vt.)	pótuquín
desear	(vt.)	cúunhí
desear	(vt.)	-pa
sin deseo	(adj.)	-cázmaz
desembarcar	(vi.)	rúpihí
desembocadura	(nf.)	tápiha
desgranar	(vt.)	xúmuquín
deslizable	(adj.)	víshton
desmayar	(vi.)	vúro-yámuuhi
desobedecer	(vt.)	júmahí
despacio	(adv.)	yánimá
despedazar	(vt.)	túza-túzaquin
despejar	(vt.)	vuxvááquin
despejarse	(vi.)	vuharóhohi vúxvaahí
despepitar	(vt.)	xontúxquin
despertar	(vt.)	vúzohí
desplumar	(vt.)	muxáquin
desprender	(vt.)	tzáncaquín
después	(adv.)	canón
después	(adv.)	chípo
después	(adv.)	-tzíncan
destapar	(vt.)	vúpunquín
desteñirse	(vi.)	cátoxcóhohi
desvariado	(adj.)	ráminnáhahi
desvestirse	(vi.)	náziróhohi
detener	(vt.)	chítuquín
detener	(vt.)	vánu quín
detrás	(adv.)	cáchiihó
día	(nm.)	hóxaa
día	(nm.)	nutú
diarrea, tener	(vi.)	chíxoohí
dibujar	(vt.)	cunúúquin
dibujar círculos	(vi.)	múchiihí
dibujo	(nm.)	cúnuu
diente	(nm.)	xutá
dientes delanteros	(nm.)	xúmacáyan
dientes delanteros	(nm.)	xúta-rúvo
diferente	(adj.)	ramí
dinero	(nm.)	córiiquí
doblar	(vt.)	cápoquín
doblar	(vt.)	chinpó quin
doblar	(vt.)	zuvíquin
doble	(adj.)	cúvin
doler	(vi.)	hízinhí
dolor	(nm.)	hízin
dominar	(vt.)	hivóquin
dónde	(int.)	ráni
dónde	(int.)	ráqui
dorado	(nm.)	xáxuntátzadoral
dorado	(nm.)	myiozetetetes similia
	(nm.)	táa-yáin
dormir	(vi.)	hóxahí
dos	(adj.)	rávuu
dueño	(nm.)	hívo
dulce	(adj.)	vatá
duro	(adj.)	caní
duro	(adj.)	cúrux
duro	(adj.)	cúztoo
echar	(vt.)	níyoquín
echar	(vt.)	pótaquín
echar	(vt.)	- táxqui (Vea agujerear)
echarse	(vi.)	rácaahí
echar de menos	(vi.)	múronhí
él, ella	(pn.)	jáá
él, ella	(pn.)	ján
él, ella	(pn.)	játo
embarcar	(vt.)	nánuquín
embellecer	(vt.)	mátzahí
embrujar	(vt.)	yótoquín
empeorarse	(vi.)	hísharáhi
empezar	(vt.)	háyooquín
empleado	(nm.)	hínaa
empujar	(vt.)	vúranquínen (prep) -múran
empujar	(vt.)	-quí
encender	(vt.)	jurúúquin
encerrar	(vt.)	cúntuqúin
encerrar	(vt.)	cúvuun quín
encía	(nf.)	xúta-tápo
encima	(adv.)	máxcaa
encinta, estar	(vi.)	tóhohí
encogerse	(vi.)	zóroohí
encolerizarse	(vi.)	zinááhqui
enontrar	(vt.)	ránanquín
enontrar	(vt.)	vúchi quín
encorvar	(vt.)	cháztonquín
encorvar	(vt.)	vúquiquín
encorvado	(adj.)	vúquiya
encorvado	(adj.)	yómiriyá
enderezar	(vt.)	cayáquin,
enderezarse	(vi.)	múztunhí
enemigos	(nm.)	jámavó
enemigos	(nm.)	yorátza
enemigos	(nm.)	zínati
enfermo	(adj.)	hízinyá
enfermo	(adj.)	náhivú chi
enfermo	(adj.)	vúraacázmaz
enfocar	(vt.)	jótaquín
enfriar	(vt.)	matzíquin
enfriarse	(vi.)	vároxhí
enfurruñarse	(vi.)	vúchonhí
engañar	(vt.)	hóntzaquín
engañar	(vt.)	páran quín
engordarse	(vi.)	xóvaahí
engordarse	(vi.)	xúnihí
enhilar	(vt.)	cúoquín
enjambrar	(vi.)	máuhí
enjambre	(nm.)	máno
enojado	(adj.)	nótzi
enojado	(adj.)	zínaa
enseñar	(vt.)	hónanmáquin
enseñar	(vt.)	tána máquin
enroscado	(adj.)	zúvii
enroscado	(adj.)	zúvi zúvihni
ensuciar	(vt.)	cháhonáhaquin
entender	(vt.)	níncaaquín
entendimiento	(nm.)	hónan
enterrar	(vt.)	maíquin
entrar	(vi.)	jíquihí
entrar	(vi.)	vúhihí
entristecerse	(vi.)	páxnannáhi
entumecido, estar	(vi.)	-hózahí (Vea agujerear)
envejecerse	(vi.)	púxcoohí
envejecerse	(vi.)	xúni hí
envenenar	(vt.)	yopóóquin
envolver	(vt.)	cápoquín
envolver	(vt.)	ráco quín
erizo	(nm.)	hizá
escalera	(nf.)	tápatí
escama	(nf.)	rachíspo
escama	(nf.)	ráshpi
escaparse	(vi.)	páxahicáhiescarabajo oryctes nasicornis
	(nm.)	shívi-shocó
	(nm.)	yáin
escarbar	(vt.)	vazáquin
escarpa	(nf.)	máncux
escoba	(nf.)	mátzootí
escoger	(vt.)	cátooquín
esconder	(vt.)	jónuquín
escopeta	(nf.)	tooháti
escribir	(vt.)	cunúúquin
escuchar	(vt.)	níncaaquín
escupir	(vi.)	coshtóóhqui
eso	(pn.)	jáá
esófago	(nm.)	túton
espalda	(nf.)	catú
espalda	(nf.)	chíncan
espantar	(vt.)	vámaquín
esparcir	(vt.)	zááquin
esperar	(vt.)	mánanquín
espina	(nf.)	híshpi
espina	(nf.)	móxa
espíritu	(nm.)	yóshin
espíritu	(nm.)	xávacana vó
esposa	(nf.)	háin
esposo	(nm.)	vunú
espuma	(nf.)	vácox
espuma	(nf.)	váha
esqueleto	(nm.)	yóra-xaó
estante	(nm.)	tapó
estar	(vi.)	jáhi
este	(nm.)	vári-cainháín
estera	(nf.)	píshin
esternón	(nm.)	xóncan
estirar	(vt.)	púhooquín
estirar	(vt.)	tíni quín
estirar	(vt.)	túuquín
estirarse	(vi.)	cámiihí
estirón	(nm.)	júnu-núxva
esto	(pn.)	nán
estómago	(nm.)	chinxánto
estómago	(nm.)	jántoo
estorbar	(vt.)	vúchitúquin
estornudar	(vi.)	jáhoshíni
estrangular	(vt.)	túnuxquín
estrangular	(vt.)	xánunquín
estrella	(nf.)	vishí
estremecerse	(vi.)	záco-zácoquin
excremento	(nm.)	póhi
explicar	(vt.)	yóhisharááquin
exprimir	(vt.)	júntzinquín
exprimir	(vt.)	mótzaquín
exprimir	(vt.)	tóshaquín
exprimidor	(nm.)	tóhatí
extender	(vt.)	putááquin
extranjeros	(nm.)	jámavó
extranjeros	(nm.)	náá
extranjeros	(nm.)	yorátza
fácil	(adj.)	hátiasháraa
faja	(nf.)	jónxu
faja	(nf.)	pótoo
falda	(nf.)	raotí
falda	(nf.)	vachí
falda	(nf.)	zayá
faltar	(vi.)	máxcaahí
faringe	(nf.)	túton
fariña	(nf.)	hátza-póto
fermentar	(vi.)	mómoshí-mómóshíh qui
feto	(nm.)	tóho
fibra	(nf.)	xúhoo
fijar	(vt.)	tácunquín
filo	(nm.)	cunó
filo	(nm.)	híshcun
fino	(adj.)	vachó
fino	(adj.)	vóyon
fino	(adj.)	vúxna
flaco	(adj.)	coshmáya
flaco	(adj.)	chíshna
flauta	(nf.)	rúú
flecha, tipos de	(nf.)	piyá
flor	(nf.)	jová
flotar	(vi.)	tóxvaahí
fondo	(nm.)	nónyan
fósforo	(nm.)	józporo
freír	(vt.)	moshííquin
freír	(vt.)	shirí quin
frijol	(nm.)	chánxonrúnxa
frijol	(nm.)	poró to
frijol	(nm.)	yostó
frijol	(nm.)	yózo
frente	(nf.)	vúcuzánti
frío	(adj.)	matzí  hacer frío durante algunos
días	(vi.)	yótanhí
tener frío	(vi.)	xúquiihí
tener frío	(vi.)	mátzi-níncaahí
tener frío	(vi.)	pári-paríhqui
frito	(adj.)	shiríhca
frotar	(vt.)	máxaxáhahí
frotar	(vt.)	túru quín
frotar	(vt.)	tzíztoquín
frotar	(vt.)	vúyoquíhihi
frotar	(vt.)	xáxaquín
fruta, fruto	(n.)	vimí
fruta, fruto	(n.)	-vin
fuego	(nm.)	chíhi
fuego	(nm.)	júruu
fuerte	(adj.)	cúrux
fulminante	(nm.)	cápozóro
gallina	(nf.)	hátapá
gallinazo, cathartes aura,	(nm.)	xútu
coragyps atratus	(nm.)	póhi-xútu
gallo	(nm.)	róha
gamitana	(nf.)	hámaquíriganar (vt) máánaquin
gancho	(nm.)	háchimáti
garganta	(nf.)	túxpi
garrapata	(nf.)	yánan
garza blanca	(nf.)	vichó  puma garza
garza blanca	(nf.)	tigrisoma 'linea
tum	(nf.)	jáca  garcita
tum	(nf.)	butorides striatus
	(nf.)	jáca-váyo
gastado	(adj.)	páyo
gatear	(vi.)	múpihí
gatear	(vi.)	múxohí
gato	(nm.)	mishíítogavilán
gato	(nm.)	elanoides forficatus,
thamnophilus doliatus	(nm.)	chíqui
thamnophilus doliatus	(nm.)	pacáca
thamnophilus doliatus	(nm.)	tútuu
thamnophilus doliatus	(nm.)	vázicún ma
gemir	(vi.)	húúhqui
girar	(vi.)	máyahí
girar	(vt.)	víri viríquin
girar	(vt.)	yócaquín
gobernar	(vt.)	hivóquin
golondrina	(nf.)	chóno
golpear	(vt.)	cóshaquín
golpearse fuertemente	(vi.)	-pozihíhi
golpear ligeramente	(vt.)	mutáshquin (Vea agujerear)
gordo	(adj.)	xóvaa
gorgojo	(nm.)	mánzan
gorrión, mospiza aurifrons	(nm.)	mishpótzaa
gorrión, mospiza aurifrons	(nm.)	xachítzaa,
hoploxypterus cayanus	(nm.)	roró
gotear	(vi.)	tózoohí
grajo, cyanocorax violaceus	(nm.)	pían-piánhca
grajo, cyanocorax violaceus	(nm.)	xúmi
grande	(adj.)	tóha
granizo	(nm.)	várox
grillo, especie de	(nm.)	chanpó
gritar	(vi.)	cáxaahí
gritar	(vi.)	cúnaahí
gritar	(vi.)	vaónhqui
gritar	(vi.)	vaxváxhqui
gritar	(vi.)	zaíhqui
grueso	(adj.)	cúvin
grueso	(adj.)	cúztoo
grueso	(adj.)	vúxcu
gruñir	(vi.)	ráhuhí
gruñir	(vi.)	vára-varáh qui
grupo	(nm.)	túxu
guacamayo, ara chloropetera	(nm.)	cáhin (azul)
guacamayo, ara chloropetera	(nm.)	caná (amarillo)  guacamayo rojo
guacamayo, ara chloropetera	(nm.)	ara macao
	(nm.)	xáán  guacamayo verde
	(nm.)	ara severa
	(nm.)	xaní
guardar	(vt.)	chítuquín
guardar	(vt.)	váquin
guayaba	(nf.)	vínpish
guayaba	(nf.)	xúnan
guayaba	(nf.)	yócan
guiar, una canoa	(vt.)	chívii quín
gusano, tipos de	(nm.)	chíxun
gustar	(vt.)	páxca-páxcaquín
hablar	(vi.)	hóhiquín
hablar	(vi.)	yóvanhí
hacer	(vt.)	háqui
hacha	(nf.)	rovú
hacha	(nf.)	rúratí
hacha	(nf.)	yamí
hallar	(vt.)	vúchiquín
hamaca	(nf.)	rizí
hambre, tener	(vi.)	cóshmanáhi
harina	(nf.)	róroo
hechicero	(nm.)	rómu
hechicero	(nm.)	yópamátihelecho
hechicero	(nm.)	ceratopteris thalictroi
des	(nm.)	xáco-xíya
hembra	(nf.)	yóxan
herida	(nf.)	chóro
herida	(nf.)	vará
herida	(nf.)	tzácaa
hermano, hermana	(n.)	hánaacá
hermano, hermana	(n.)	poví
hermano, hermana	(n.)	vutzá
hermana mayor	(nf.)	chóca
hermana mayor	(nf.)	pí
hermana mayor	(nf.)	títi
hemana menor	(nf.)	chipí
hermano mayor	(nm.)	jochí
hermano mayor	(nm.)	vúvocá
hermano menor	(nm.)	chamí
hervir	(vt.)	covínquin
hiel	(nf.)	taí
hierba	(nf.)	vazí
hígado	(nm.)	tacá
higuerilla	(nf.)	xánconmahá
hijo	(nm.)	vácu-jóni
hija	(nf.)	vácu-xáno
hijuelo	(nm.)	táco
hilar	(vt.)	jocóquin
hilar	(vt.)	toróxquin
hilar	(vt.)	xapóquin
hilo	(nm.)	jóco
hilo	(nm.)	yómun
hincar	(vt.)	cháchiquín
hinchar	(vi.)	nováhqui
hipo, tener	(vi.)	tzúcohí
hogar	(nm.)	jatí
hoja	(nf.)	púhi
hombre	(nm.)	jochí
hombre	(nm.)	joní
hombro	(nm.)	púxacáá
hongo	(nm.)	conó
hongo	(nm.)	cóno-xáu
horcón	(nm.)	níchintí
hormiga, especies de	(nf.)	jíma
hornero	(nm.)	tzooná
horquilla	(nf.)	mútax
hoy	(adv.)	ráma
huairanga	(nf.)	mári-vináhuanchaco
huairanga	(nf.)	ramphocelus carbocon
necteus	(nm.)	píshcaa
huangana	(nf.)	yáá
huapo	(nm.)	rócanhá
huapo colorado	(nm.)	shinón ha
huaso	(nf.)	vazá
huasaco	(nm.)	muxcó
hueco	(nm.)	mai-xántoo
hueco	(nm.)	puísca
hueco	(nm.)	quíni
hueco	(nm.)	rúoo
hueco	(nm.)	xántoo
hueco	(nm.)	xóvii
hueco	(nm.)	-ho (Vea putz-pútzni)
huérfano	(n.)	hivóma
hueso	(nm.)	xaó
huevo	(nma.)	vachí
huicungo, astrocaryum	(nm.)	paní
huir	(vi.)	hónuuhí
huir	(vi.)	páxahicáhi
huitina	(nf.)	xoninhá
huito	(nm.)	nánu
humita	(nf.)	mízi
humo	(nm.)	cohin
hundirse	(vi.)	jíquihí
hundirse	(vi.)	vúhihí
hungurahui	(nm.)	hízan
hunguravilla	(nf.)	jupúhzan
idioma	(nm.)	jóvi
idioma	(nm.)	yóvan
iguana	(nf.)	xúcuu
iluminar	(vt.)	jótaquín
imitar	(vt.)	tánaquín
imposible	(adj.)	hátimá
inclinar	(vt.)	cúxcanquín
inclinarse	(vi.)	cúxcanhí
incubar	(vt.)	jóvonquín
indicar	(vt.)	mútonquín
informar	(vt.)	hónarmáquin
insípido	(adj.)	hishó
insultar	(vt.)	jánuquín
inteligente	(adj.)	shínanyáintestinos (rm) póco
inyección, poner una	(vt.)	cháchiquín
ir	(vi.)	cáhi
ir	(vi.)	vóhi
isana	(nf.)	táá
isango	(nm.)	jónpox
ishpingo, ocotea jelskii	(nm.)	quínxon
isla	(nf.)	názi
isula	(nf.)	voná
izquierda	(nf.)	poquíhri
jabalí	(nm.)	hítzapá
jabón	(nm.)	jávon
jacamar, galbula cyarescens	(nm.)	póhin-póhin-zaquiríhca
jadear	(vi.)	xancánhqui
jaguar	(nm.)	hinánha
jalar	(vt.)	tíniquín
jalar	(vt.)	xaráquin
jebe	(nm.)	shirínhca
jefe	(nm.)	coshí
jefe	(nm.)	hápo
jefe	(nm.)	yóvaajergón (m) shánoo
joven	(nm.)	maxó
jovencita	(nf.)	xóntacó
jugar	(vi.)	múcaahí
jugo	(nm.)	junú
juntar	(vt.)	tópiquín
labio	(nm.)	cúxaa
labrar	(vt.)	paóxquin
labrar	(vt.)	rátzaquín
labrar	(vt.)	tátuquín
lado	(nm.)	pára
al lado de	(adv.)	híva
al lado de	(adv.)	máxcaa
ladrón de algodón	(nm.)	vunpính caa
lagartija	(nf.)	tuó
lagartija	(nf.)	xavó
lagartija	(nf.)	xavón halagarto caspi
lagartija	(nf.)	callophyllum
brasilense	(nm.)	híno-jíí
lago	(nm.)	hínyan
lago	(nm.)	junúnha
lágrima	(nf.)	vúhon
lamer	(vt.)	táxoquín
lanza	(nf.)	chicáro
lápiz	(nm.)	cunúúti
lapicero	(rm.)	cunúúti
largo	(adj.)	chaíí
lavar	(vt.)	chácaaquín
lavar	(vt.)	chóca quín
lavar	(vt.)	náchooquín
lavar	(vt.)	pátzaquín
lavarse	(vi.)	chóquiihílechuza
lavarse	(vi.)	nyctibeus griseus glau
cidim brasilianum	(nm.)	naacá no
cidim brasilianum	(nm.)	popó
cidim brasilianum	(nm.)	xoxó
leer	(vt.)	yóvanhí
legaña	(nf.)	vupó
lejos	(adv.)	vízna
lengua	(nf.)	jána
lengua	(nf.)	jóvi
lengua	(nf.)	yóvan
lengüeta	(nf.)	nútan
leña	(nf.)	cáro
letra	(nf.)	cúnuu
levantar	(vt.)	híyaaquín
levantar	(vt.)	vúni quín
levantar	(vt.)	zánanquín
levantarse	(vi.)	vúniihí
levantarse	(vi.)	vúzohí
libélula	(nf.)	zántan
libro	(nm.)	quiricá
lijar	(vt.)	xaquíquin
límite	(nm.)	zúnun
limón	(nm.)	cáchavín
líquido	(nm.)	junú
liviano	(adj.)	vachó
liviano	(adj.)	xatá
lisa	(nf.)	váton
lobo	(nm.)	níhi-hinó
locrero, crotophaga major	(nm.)	váá hócanhá
lodoso	(adj.)	cumó
lonbriz	(nf.)	chixun
lonbriz	(nf.)	nóhin
loro, amazona farinosa	(nm.)	váá- córo  loro
loro, amazona farinosa	(nm.)	amazona ochrocephala
	(nm.)	váá
	(nm.)	váá-rúnshi  loro
	(nm.)	aratinga leucophthalmus
	(nm.)	hayá
loro, pionus munstruus	(nm.)	toshí
loro machaco	(nm.)	cána-róno
luciérnaga	(nf.)	cócosh
lugar	(nm.)	jatí
luna	(nf.)	hóxu
lunar	(nm.)	múiz
lupuna	(nf.)	vóhi
lupuna	(nf.)	xonó
luz	(nf.)	júruutí
luz	(nf.)	nutú
llamar	(vi.)	cúnaahí
llano	(adj.)	zapá
llegar	(vi.)	nócoohí
llenar	(vt.)	máánaquín
llenar	(vt.)	vopáquin
llenarse	(vi.)	vópahí
llenarse	(vi.)	yaníh qui
lleno	(adj.)	vópa
lleno	(adj.)	yaní
Ilevar	(vt.)	híyoquín
Ilevar	(vt.)	nútuquín
Ilevar	(vt.)	púúváhinhquí
Ilevar	(vt.)	tóhinváhinhqui
Ilevar	(vt.)	vóquin
Ilevar	(vt.)	záuhquí
llorar	(vi.)	haráhqui
llorar	(vi.)	shánshan náhahi
llover	(vi.)	hovíhqui
lloviznar	(vi.)	vázi-vazíhqui
Iluvia	(nf.)	hóvi
macana	(nf.)	víno
machacar	(vt.)	chácaquín
machacar	(vt.)	maztán quin
machacar	(vt.)	rúruquín
machacador	(nm.)	máztantí
machete	(nm.)	machíto
máchica	(nf.)	mútoo
machucar	(vt.)	chánoquín
madera	(nf.)	jíí
madre	(nf.)	-ha (Vea padre)
madriguera	(nf.)	xúú
maduro	(adj.)	caní
maduro	(adj.)	jóvu
maduro	(adj.)	pózi
madurarse	(vi.)	cánihí
madurarse	(vi.)	chíshocoohí
madurarse	(vi.)	jóvuhí
madurarse	(vi.)	pózihí
magullarse	(vi.)	pitzináhahi
magulladura	(nf.)	pítzináha
maíz	(nm.)	xúqui
majás, coelogenifs fulvus	(nm.)	hanó
malo	(adj.)	híromá
malo	(adj.)	hátimá
malograr	(vt.)	múhuquín
malograrse	(vi.)	muhúcuuhí
malogrado	(adj.)	shúho
mamá	(nf.)	-ha (Vea padre)
mamapaca	(nf.)	váquin
manacaraco, ortalis guttata	(nm.)	jánacá
manco	(adj.)	muntó
mancha	(nf.)	múiz
mandar	(vt.)	níchinquín
mandíbula	(nf.)	cóvii
mango de hacha	(nm.)	yámi-xáo
mango de hacha	(nm.)	yáncosh
mango de olla		muutí
mango, fruta	(nm.)	mancóva
maní	(nm.)	tamá
mano	(nf.)	múcun
manso	(adj.)	hína
manso	(adj.)	tánahmá
manteca	(nf.)	xuní
mantis	(nm.)	vúxmipímati
manzana de Adán	(nf.)	túton
mañana	(adv.)	nóntu
mañana	(adv.)	-náyamaquisapa
mañana	(adv.)	ateleshter marginalus
	(nm.)	hízo
mar	(nm.)	junúnha
mareado, estar	(vi.)	vúro-páznaa hí
margen	(nm.)	zúnun
marido	(nm.)	vunú
mariposa	(nf.)	cócoshtóvi
mariposa	(nf.)	haapáo
mariposa	(nf.)	jozó
martillar	(vt.)	maztánquin
martillo	(nm.)	máztantímartín pescador júnu-cháxa
masato	(nm.)	hátza-tócon
maspute	(nm.)	vínpan
masticar	(vt.)	nácaquin
matar	(vt.)	hayánquin
matar	(vt.)	rútuquín
mazamorra	(nf.)	vútun
me	(pn.)	híya
mecer	(vt.)	vúyonquín
mecedor	(nm.)	múxco-rontí
medicina	(nf.)	rahóó
mediodía	(nm.)	mázpanánan
meditar	(vi.)	shínanhí
mejilla	(nf.)	tamó
menear	(vt.)	yacónquin
mentir	(vi.)	hóntzahí
mentir	(vi.)	tzahí
meñique	(nm.)	múcun-pápii
mermar	(vi.)	vúxnuuhí
mes	(nm.)	hóxu
mesa	(nf.)	jíri-tápan
meter	(vt.)	mánuquín
mezclar	(vt.)	józiquín
mezclar	(vt.)	núyoo quín
mezclarse	(vi.)	józihí
mezquino	(adj.)	vashí
mí	(pn.)	híya
mí	(pn.)	hun
miedo	(nm.)	rácuu
miel	(nf.)	jayá
miel	(nf.)	míshquin
miel	(nf.)	rapí chi
miga	(nf.)	múzu
mío	(pn.)	huná
mirar	(vi.)	hiinhí
mitad	(nf.)	caxcú
moho	(nm.)	conó
mojar	(vt.)	muchááquin
mojada	(adj.)	múcha
mojarse	(vi.)	múchahí
mojarse con la lluvia	(vi.)	hovánhqui
mojarra	(nf.)	yápa
mojarra	(nf.)	zánin
moler	(vt.)	rúruquín
molesto, estar	(vi.)	vachínhqui
molesto, estar	(vi.)	zínááhqui
molido	(adj.)	vóyon
mono, especies de	(nm.)	hízo
montañas	(nf.)	mátoncó
monte	(nm.)	níhi
morder	(vt.)	chancánquin
morder	(vt.)	nátux quín
morder	(vt.)	píquin
morder	(vt.)	túxaquín
morir	(vi.)	náhi
morir	(vi.)	nócahí
morir	(vi.)	rúzohí
morir	(vi.)	coshtóóhca
mosca, tipos de	(nf.)	nacá
mosquitero	(nm.)	hóxatí
mosquitero	(nm.)	vachí
mota	(nf.)	canxó
motelo	(nm.)	xaú
moverse	(vi.)	vánahí
moverse	(vi.)	vúncuhí
moverse	(vi.)	xúcuuhí
moverse	(vi.)	xúcuucánhinhí
mucho	(adj.)	cáhtin
mucho	(adj.)	hicha
mucho	(adj.)	náha
mudo	(adj.)	jantó
muela	(nf.)	máchapá
muerto	(adj.)	naháá
mujer	(nf.)	xáno
mullaca	(nf.)	shimón
muñeca	(nf.)	mápoo-yóra
muñeca	(nf.)	muvóxco
murciélago	(nm.)	cashí
murciélago	(nm.)	cáshinhá
músculo	(nm.)	pónchon
músculo	(nm.)	póstoo
músculo	(nm.)	tutústi
muslo	(nm.)	quishí
muy	(adj.)	-córvin
nadar	(vi.)	náxihií
nadar	(vi.)	vúhaquín
nalga	(nf.)	chixó
nariz	(nf.)	rúquin
narrar	(vi.)	jóvihí
navegar	(vt.)	cháchivóquin
neblina	(nf.)	níshvun
necesitar	(vt.)	múronhí
negro	(adj.)	cháho
negro	(adj.)	cúchux
nido	(nm.)	náha
niebla	(nf.)	níshvun
nieto	(n.)	váva
nieto	(n.)	xóta
nigua	(nf.)	mánzanniño (m) vacú
niña del ojo	(nf.)	vúro-nátono (exc) jiyá
niña del ojo	(nf.)	máqui
niña del ojo	(nf.)	yamá
niña del ojo	(nf.)	-má
noche	(nf.)	yámuu
nombre	(nm.)	jánu
nosotros	(pn.)	nócu
nosotros	(pn.)	non
nube	(nf.)	nai-cóhin
nuca	(nf.)	mápo-chíncan
nuera	(nf.)	vávanhá
nuestro	(pn.)	nócun
nuestro	(pn.)	nócunná
nuevo	(adj.)	vúnaa
nutria	(nf.)	junúhno
nutria	(nf.)	vónzin
ñejilla	(nf.)	shínii
obedecer	(vt.)	níncaaquín
oeste	(nm.)	vári-jiquiháíoiga (exc) maíi
oeste	(nm.)	pí
oír	(vt.)	níncaaquín
ojé, fleus glabrata	(nm.)	xónvii
ojo	(nm.)	vúro
ola	(nf.)	vúchon
oler	(vi.)	xútuuhí
olfatear	(vt.)	xútuquín
olor	(nm.)	chúco-chúco
olor	(nm.)	pizí
olor	(nm.)	viyá
oloroso	(adj.)	jútuu
olvidar	(vt.)	shínanyámaquín
olla	(nf.)	cúntii
olla	(nf.)	cúzpo
olla	(nf.)	tázo
ombligo	(nm.)	náto
oreja	(nf.)	pavínqui
orilla	(nf.)	pápii
orinar	(vi.)	jínzonhí
orina	(nf.)	jínzon
oro	(adj.)	vínshin-sháraa
ortiga, urticacia	(nf.)	híshish móvu
oruga	(nf.)	tátiz
oscurecer	(vi.)	yámuuhí
oscuro	(adj.)	cúchuxoso hormiguero
oscuro	(adj.)	mermecophaga
jubata	(nm.)	víí
jubata	(nm.)	xáhu
otorongo	(nm.)	hinánha
otra vez	(adv.)	(DI) hánaa
otra vez	(adv.)	(DS) húnaa
otro	(adj.)	ramí
otro	(adj.)	rátzi
otro	(adj.)	vútza
otro	(adj.)	-tza
ovillo	(nm.)	vóxcaoye (exc) maíi
ovillo	(nm.)	pí
paca	(nf.)	pacá
paco	(nm.)	házapa
padre	(nm.)	-pa
mi padre		húpa,
tu padre		mípa,
su padre		jápa
pagar	(vt.)	copííquin
paiche	(nm.)	vámu
paisano	(n.)	cáívo
pájaro	(nm.)	hítzaa
palabra	(nf.)	jóvi
palabra	(nf.)	yóvan
paladar	(nm.)	mazurúti
pálido	(adj.)	múox
palizada	(nf.)	táxa
palma	(nf.)	múcun-nátaa
dar palmadas	(vi.)	paóx- paóxhqui
palmera, tipos de	(nf.)	jupú
palo	(nm.)	jíípaloma
palo	(nm.)	columbina talpacoti,
	(nf.)	páro-rúii
palometa	(nf.)	píchaa
palta	(nf.)	páratái
pallar	(nm.)	yózo
pampanilla	(nf.)	vachí
panal	(nm.)	máno
panguana, perdix crypturus	(nf.)	choncá
panguana, perdix crypturus	(nf.)	xunurí
pantalón	(nm.)	chíraxáti
pantano	(nm.)	hínyan
papa	(nf.)	chonví
papa	(nf.)	póva
papá	(nm.)	húpa (Vea padre)
papaya	(nf.)	naanvími
papaya	(nf.)	naimí
papel	(nm.)	quiricá
pequete	(nm.)	rácoparar (la lluvia) cánuzhi
pararse	(vi.)	níhi
pared	(nm.)	chícuu
pariente	(nm.)	cáívo
pariente	(nm.)	námi
párpado	(nm.)	vúro-cátu
partir	(vi.)	púxuuhí (t) cáxcu quín
pasar	(vi.)	cápoocúhi
pasar	(vi.)	rúxohí
pasar	(vi.)	vinóhqui
pasto	(nm.)	vazí
pasto	(nm.)	xachí
pate	(nm.)	mánzun
patear	(vt.)	catízquin
pato, carina moschata	(nm.)	nónon
paucar, casicostria	(nm.)	chána  paucar
paucar, casicostria	(nm.)	conioptilon meilhenn
yi	(nm.)	corúxca  paucar
yi	(nm.)	ostinops decumanus
	(nm.)	hítzco-cháho
paujil, mitu mitu	(nm.)	jánzinpava del monte
paujil, mitu mitu	(nm.)	pipile cumanesis
	(nf.)	coxó
pavo	(nm.)	córocóro
peca	(nf.)	múiz
pecarí	(nm.)	jóno
pecíolo	(n.)	táxopecoso (aj) tototótoni
pecíolo	(n.)	vuta shí-vutashínhca
pecho	(nm.)	chochó
pecho	(nm.)	xochí
pedazo	(nm.)	caxcú
pedazo	(nm.)	pácux
pedazo	(nm.)	píshta
pedazo	(nm.)	túcuu
pedazo	(nm.)	vuxcúútza
pedir	(vt.)	yócaaquín
pegar	(vt.)	cóshaquín
pegar	(vt.)	cúpazquín
pegar	(vt.)	múhuquín
pegar	(vt.)	nútanquín
pegar	(vt.)	táxnaquín
pegar	(vt.)	-pázquin (Vea agujerear)
pegajoso	(adj.)	cunó
pegajoso	(adj.)	hánin
peinarse	(vi.)	vooxúhuhi
peine	(nm.)	vóxti
pelar	(vt.)	ráxcoquín
pelar	(vt.)	rátzaquin
pelar	(vt.)	ráxcoocohi
pelar	(vt.)	vuróquin
pelar	(vt.)	xócaquín
pelar	(vt.)	xócoohí
pelear	(vi.)	muhúnnahí
pelejo	(nm.)	náhin
pelejo	(nm.)	pózun
peligroso	(adj.)	rácuu
pelo	(nm.)	vóó
pelo	(nm.)	píshcan-ránti
pelota	(nf.)	piróta
pelusa	(nf.)	chámax
pelusa	(nf.)	ráni
pelusa	(nf.)	xópoo
pelvis	(nf.)	chíncan-páxcaa
pellizcar	(vt.)	hótuxquín
pena, tener	(vi.)	múronhí
pene	(nm.)	vóxqui
pensar	(vi.)	shínanhí
pensamientos	(nm.)	shínan
pequeño	(adj.)	jaztó
pequeño	(adj.)	míshtin
pequeño	(adj.)	píshta
perder	(vt.)	vúnoquín
perderse	(vi.)	vúnohí
perdiz, cryptruellus soui,	(nf.)	shoró
perdiz, gymoderus toetidus,	(nf.)	cócan-xovúúca
perdiz, gymoderus toetidus,	(nf.)	comá
perdiz, gymoderus toetidus,	(nf.)	cománha
perdiz, gymoderus toetidus,	(nf.)	xanxára
perdiz, odontophorus stellatus,	(nf.)	vúcon
perdiz, tinamus tao,	(nf.)	coránhca
tocar	(vi.)	távu-távuhí,
tocar	(vt.)	rámanquín
tocar	(vt.)	vúaquín
perro	(nm.)	hinó
persequir	(vt.)	chívanquín
pesado	(adj.)	cúztoo
pesado	(adj.)	hiyú
pescar	(vt.)	haxánquin
pescar	(vt.)	míshquin quín
pescar	(vt.)	rícanquín
pestaña	(nf.)	vúxmi
pestañear	(vi.)	vúpuchóhohi
picaflor	(nf.)	píno
picante	(adj.)	shiyá
picar	(vt.)	cháchiquín
picar	(vt.)	quiyó quin
picar	(vt.)	tízinquín
picar	(vt.)	túcaquín
picar	(vt.)	tzácaquín
pichico	(nm.)	shípi
pie	(nm.)	táhu
pie palmeado	(nm.)	táhu xácaa
piedra	(nf.)	máncan
piedra	(nf.)	máxax
piel	(nf.)	xácaa
pierna	(nf.)	quishí
pierna	(nf.)	quíshtuu
pierna	(nf.)	vítax
pihuicho, aratinga veddelli	(nm.)	churú  pihuicho
pihuicho, aratinga veddelli	(nm.)	brotogeris virescens
	(nm.)	pitzó  pihuicho
	(nm.)	pyrrhura rupigola
	(nm.)	tuscú
pijuayo	(nm.)	pánan
pijuayo	(nm.)	váninpinsha
pijuayo	(nm.)	pteroglossus bauharnaessi
	(nf.)	pizá
	(nf.)	yócu
pinsha machaco	(nf.)	xócu-róno
pinta	(nf.)	xúno
pintar	(vt.)	cunúúquin
piña	(nf.)	cáncan
piojo	(nm.)	híya
pipra	(nf.)	vónta
piraña	(nf.)	macú
piraña	(nf.)	títimitzá
piripiri	(nm.)	zácoo
pisar	(vt.)	jámaaquín
pisar	(vt.)	póhaquín
pisco	(nm.)	vúxnun
pistadero	(nm.)	xaxoránti
placenta	(nf.)	vácu-xáma
planchar	(vt.)	tányanquín
plano	(adj.)	zapá
planta	(nf.)	vána
planta	(nf.)	viróro
planta del pie	(nf.)	táhu nátaa
plantar	(vt.)	vánaquín
plata	(nf.)	córiiquí
plataforma	(nf.)	tápan
plátano	(nm.)	maninhá
playa	(nf.)	míshpoo
plegado	(adj.)	chónva
pluma	(nf.)	púhi
poco	(adj.)	jaztó
poco	(adj.)	míshtin
poco	(adj.)	píshta
poco	(adj.)	tóro-píshta
podar	(vt.)	póztooquín
podrirse	(vi.)	páyohí
podrida	(adj.)	hamó
podrida	(adj.)	páyo
podrida	(adj.)	pítzihá
polilla	(nf.)	mánzan
polvo	(nm.)	póto
pómulo	(nm.)	tántonoó
pona, iricartea escorrija	(nf.)	nítzti
pona, iricartea escorrija	(nf.)	táoo
pona, iricartea escorrija	(nf.)	zíno
poner	(vt.)	ratánquin
poner	(vt.)	tzáhon quín
poner	(vt.)	váquin
popa	(nf.)	chipáraa
popear	(vt.)	chíviiquín
por qué	(int.)	cuzánon
poseer	(vt.)	hivóquin
posible	(adv.)	háti
precio	(nm.)	copíí
prender	(vt.)	jurúúquin
prender	(vt.)	tzízto quín
preñada, estar	(vi.)	tóhohí
prima, primo	(n.)	hachí
prima, primo	(n.)	povirá
prima, primo	(n.)	vutzá
prima, primo	(n.)	vútza-hára
primero	(adv.)	jáviz
probar	(vt.)	páxca-páxcaquin
probar	(vt.)	tánaquín
protuberancia	(nf.)	tóncopucacunga
protuberancia	(nf.)	penelope jacquacu
	(nf.)	cuvó
pucacuru	(nm.)	jíma
pueblo	(nm.)	júma
puente	(nm.)	júnxaa-pócutá
puerco espín	(nm.)	hizá
puerco marino	(nm.)	zapún
puerta	(nf.)	vúva
puerta	(nf.)	xúpotí
pulga	(nf.)	híya
pulga	(nf.)	mánzan
pulgar	(nm.)	múcunnúha
pulmón	(nm.)	tánxanpuma garza
pulmón	(nm.)	tigrisoma lineatum
	(nm.)	jáca
punchana chica	(nf.)	tzáncaa
punta	(nf.)	rúvo
pupila	(nf.)	vúro-náto
pus	(nm.)	cóó
qué	(int.)	jáú
quebrada	(nf.)	júnxaa
quebrar	(vt.)	múhuquín
quebrarse	(vi.)	muhúcuuhí
quebrarse	(vi.)	túcuuhí
quejarse	(vi.)	chániihí
quemar	(vt.)	cóhaquín
quemar	(vt.)	múnoohí
quemarse	(vi.)	cóhoohí
quemar ollas	(vt.)	hóviquín
querer	(vt.)	cúunhí
querer	(vt.)	cúunyóvaahi
querido	(adj.)	-níco
quetzal, trogrons	(nm.)	cánaa xáun
quién	(int.)	tzóva
quinilla	(nf.)	tóshmo
racimo	(nm.)	páxcan
racimo	(nm.)	túxca
raíz	(nm.)	tápon
rajar	(vt.)	cáxcuquín
rajar	(vt.)	nótzaquín
rama	(nf.)	jii-pónyan
rama	(nf.)	mútax
rapar	(vt.)	maxcóquin
rápido	(adv.)	coshí
rápidos	(nm.)	xóva-xováhca
rascar	(vt.)	cáuxquín
rasgar	(vt.)	hóraxquín
rasgar	(vt.)	púúzquin
rasguñar	(vt.)	múiquín
raspar	(vt.)	nízaquín
raspar	(vt.)	ráuxquín
raspar	(vt.)	rátzaquín
raspar	(vt.)	xótoquín
rasparse	(vi.)	chovííhi
rastrillar	(vt.)	vazáquin
rastrillo	(nm.)	vázi-mátzoo ti
rata	(nf.)	macá
ratón	(nm.)	xóya
raya	(nf.)	híí
raya	(nf.)	pócuu
recargar	(vt.)	nápoquín
recibir	(vt.)	háchiquín
recibir	(vt.)	víquin
recordar	(vi.)	shínanhí
redondo	(adj.)	múchii
redondo	(adj.)	tóro
rehusar	(vt.)	júmahí
reir	(vi.)	múcahí
relámpago	(nm.)	cánaa
reloj	(nm.)	varitopó
relojero, buduscu momtus	(nm.)	joró
remar	(vt.)	vínaquín
remo	(nm.)	vintí
remo	(nm.)	vírití
remedar	(vt.)	tánaquín
remendado	(adj.)	nári
remo-caspi	(nm.)	vúcoo
remolino	(nm.)	záma
reñir	(vi.)	vachínhqui
reparar	(vt.)	hároquín
resbalar	(vi.)	rashquíhqui
resbalar	(vi.)	tayánzqui
resbaloso	(adj.)	hínyan
resbaloso	(adj.)	táyanz
resbaloso	(adj.)	yóncon
rescoldos	(nm.)	chíhirúcun
resfriado, estar	(vi.)	rúxohí
resina	(nf.)	vúpon
respirar	(vi.)	jóvinhí
responder	(vt.)	copííquin
restablecerse	(vi.)	vúrahí
retirarse	(vi.)	xúcuuhí
retorcerse	(vi.)	yúcuuhí
retrocarga	(nm.)	tooháti
reunirse	(vi.)	tzíztocóhohi
reventar	(vi.)	paíshqui
reventar	(vi.)	pápashí pápashíhqui
reventar	(vi.)	púxuuhí
revivir	(vi.)	cayáhi
revivir	(vi.)	vúraahí
revolcar	(vt.)	táranquín
revolotear	(vi.)	závihíreyezuelo
revolotear	(vi.)	campylorhynchus turdi
nus	(nm.)	cáron-chónma
riachuelo	(nm.)	páxco
rico	(adj.)	níhiz
riñones	(nm.)	taunxcó
río	(nm.)	junú
río	(nm.)	junúnha
río	(nm.)	páro váca
robar	(vt.)	víhanquín
roca	(nf.)	máncan
rociar	(vi.)	vázi-vazíhqui
rocío	(nm.)	nívii
rodar	(vi.)	chíyuxcúhuhi
rodilla	(nf.)	rántoncó
rojo	(adj.)	vínshin
romper	(vt.)	móxaquín
romper	(vt.)	póhoquín
romper	(vt.)	púúzquin
romper	(vt.)	-tóshquin (Vea aguje rear
romperse	(vi.)	tóshiihí
romperse	(vi.)	túcuuhí
roncar	(vi.)	núanhí
ronronear	(vi.)	jónvinhí
ropa	(nf.)	chópa
roto	(adj.)	móxi
rótula	(nf.)	ravóxco
rozar	(vt.)	zúpaquín
sábalo	(nm.)	yápanhá
saber	(vi.)	honanhí
sabor, dar un	(vi.)	póvahí
sacar	(vt.)	cázpaquín
sacar	(vt.)	muxáquin
sacar	(vt.)	tzáncaquín
sacar	(vt.)	tzúcaquín
sacar	(vt.)	víquin
sacar	(vt.)	vúhaquín
sacar	(vt.)	ziríquin
sacudir	(vt.)	taríquin
sacudir	(vt.)	vánahí
sacudir	(vt.)	víshco-víshcoquín
sacudir	(vt.)	záco-záco quin
sachapapa	(nf.)	chonvi
sachapapa	(nf.)	póva
sachavaca	(nf.)	háá
sajino	(nm.)	jóno
sal	(nf.)	tashí
salir	(vi.)	cáinhí
salir	(vi.)	jóconhí
salir	(vi.)	jóntanváhinhi
salir	(vi.)	jóvanhí
salir	(vi.)	pítz qui
saliva	(nf.)	coshtóóhca
salpicar	(vt.)	tózaquín
saltar	(vi.)	cáshtiihí
saltar	(vi.)	parááxh qui
saltar	(vi.)	póhqui
saludar	(vt.)	múshacóquin
sanarse	(vi.)	cayáhi
sanarse	(vi.)	cayáquin
sanarse	(vi.)	híroohí
sanarse	(vi.)	hóroohí
sanarse	(vi.)	vóhohí
sanarse	(vi.)	vúraa hí
sandía	(nf.)	zantíra
sangre	(nf.)	jimí
sapo, especies de	(nm.)	cará
sarna	(nf.)	xúno
satisfecho	(adj.)	yaní
savia	(nf.)	vúpon
secana	(nf.)	xópan
secarse	(vi.)	chóshihí
secarse	(vi.)	nútzoohí
secarse	(vi.)	shinánhqui
secarse	(vi.)	tánohí
seco	(adj.)	choshí
seco	(adj.)	póto
seco	(adj.)	táno
seco	(adj.)	xána
sed, tener	(vi.)	háyacátzanáhi
seda	(nf.)	máninhá
seguir	(vt.)	chóronváhinquin
seguir	(vt.)	chívanquín
seguir	(vt.)	chívanvóquin
seguir	(vt.)	hávo quín
seguir	(vt.)	jóntanquín
seguir	(vt.)	túnanquín
selva	(nf.)	níhi
sembrar	(vt.)	chacáquin
sembrar	(vt.)	vána quín
semilla	(nf.)	juxú
semilla	(nf.)	vúro
senda	(nf.)	mácayatí
sentarse	(vi.)	cútaxámuhqui
sentarse	(vi.)	mániihí
sentarse	(vi.)	quíztoohí
sentarse	(vi.)	tzáhoohí
sentarse	(vi.)	vúnohí
sentado	(adj.)	tzáhoohá
señalar	(vt.)	mútonquín
ser	(vi.)	jáhi
serpentear	(vi.)	cápoquín
seso	(nm.)	mápo-múrannoshansho
seso	(nm.)	opisthocomus hoazin
	(nm.)	núxux
shapaja	(nf.)	cánzin
shapaja	(nf.)	xúnpan
shapaja	(nf.)	xúvon
shebón	(nm.)	cotí
shicashica	(nf.)	núna
shihushuaco	(nm.)	cóman
shimbillo	(nm.)	jii-xúnan
shimbillo	(nm.)	jíncho xúnan
shushupi	(nm.)	cámoxsí (exc) júnhun
silbar	(vt.)	xúiquín
silbo	(nm.)	xúichí
sin	(adj.)	-máhiz
sin	(adj.)	-ntó (Vea agujerear)
sitaraco	(nm.)	maíz
sobar	(vt.)	yacónquin
sobrino, sobrina	(n.)	háin-vacú
sobrino, sobrina	(n.)	píhaa
sobrino, sobrina	(n.)	ráru
sobrino, sobrina	(n.)	vúrun
sobrino, sobrina	(n.)	xotanhá
sobrino, sobrina	(n.)	yároz
soga	(nf.)	nínxo
soga	(nf.)	nishí
soga	(nf.)	rízvii
sol	(nm.)	vári
soldadito, paroaria gularis	(nm.)	nuítzaa
solear	(vi.)	varínhqui
solo	(adj.)	jáztii
solo	(adj.)	tíí
solo	(adj.)	-ruz
solo	(adj.)	-stii
soltar	(vt.)	júnuquín
soltar	(vt.)	púcaquín
sollozar	(vi.)	júix-juíxqui
sombra	(nf.)	hóta
sonar	(vi.)	tarónhqui
sonarse, la nariz	(vi.)	ruzínhqui
sonreír	(vi.)	hózanhí
soñar	(vi.)	námaahí
soplar	(vi.)	púúnhqui
soplar	(vi.)	raxónhqui
soplar	(vi.)	tzúcuuhí
soplar	(vi.)	xóónhqui
sordo	(adj.)	páta
sostener	(vt.)	háchiquín
su, sus	(adj.)	ján
su, sus	(adj.)	máton
suave	(adj.)	tányan
suave	(adj.)	vachó
suave	(adj.)	váyo
subir	(vi.)	hínaahí
subir	(vi.)	híniihí
subir	(vi.)	mápuuhí
sucio	(adj.)	cháho
sucio	(adj.)	cumó
sudar	(vi.)	nízcanhí
suegra	(nf.)	yároz
sueño, estar con	(vi.)	hóxacátza náhi
suicidarse	(vr.)	rutúcuhí
suicidarse	(vr.)	rútu quín
súngaro, especies de	(nm.)	váin
suri	(nm.)	vónpa
suyo	(pn.)	jána
suyo	(pn.)	jatóna
suyo	(pn.)	nasal
	(nm.)	rupá
tachar	(vt.)	jamáquin
talón	(nm.)	táhu-chípon
tallo	(nm.)	táco
tallo	(nm.)	táxo
tallo	(nm.)	múxti
tamaño	(adj.)	tíyo
también	(adv.)	-rívi
tambo	(nm.)	túvan
tambor	(nm.)	tamóra
támishi	(nm.)	hányanx
tanganear	(vt.)	cháchivóquintangarana
tanganear	(vt.)	moyrmica taiplaris
	(nf.)	jánin
tapar	(vt.)	rúniquín
tapar	(vt.)	vóhoquín
tapar	(vt.)	vúpoquín
tapar	(vt.)	vúztonquín
tapa	(nf.)	vúpotí
tarántula	(nf.)	xóóhca
tarántula	(nf.)	yótan
tarde	(adv.)	yántan
tarjar	(vt.)	tóvuquín
tarjar	(vt.)	túruquín
tatatao	(nm.)	vúxatáó
taza	(nf.)	tázo
tazón	(nm.)	hiichínyux
tazón	(nm.)	mánzun
tejer	(vt.)	tíihquín
tejer	(vt.)	tópiquín
tejido	(adj.)	tópii
tela	(nf.)	chópa-xátu
telaraña	(nf.)	váznon
temblar	(vi.)	pári-paríhqui
temblor	(nm.)	mai-zácoohi
temblor	(nm.)	míyan
temprano	(adv.)	cáyaahí
tender	(vt.)	putááquin
tender	(vt.)	rúpiquín
tendón	(nm.)	ponó
teñir	(vt.)	júaquín
teñir	(vt.)	pócoquín
teñir	(vt.)	váshaquín
teparo	(nm.)	votí
terminar	(vt.)	haróhtiquin
terminar	(vt.)	nísh marízhi
terminar	(vt.)	quíyooquín
terminar	(vt.)	rúzohí
terminar	(vt.)	zúnunquín
testículos	(nm.)	jóvo
ti	(pn.)	míya
tía, tío	(n.)	cocá
tía, tío	(n.)	cócahíromá
tía, tío	(n.)	chócahíromá
tía, tío	(n.)	hachí
tía, tío	(n.)	híyaxóvi
tía, tío	(n.)	pápa
tía, tío	(n.)	pápa hiromáha
tía, tío	(n.)	xóvi
tibi, sterna magnirostris	(nm.)	taquí
tibia	(nf.)	vítax-cátu
tierno	(adj.)	macó
tierno	(adj.)	máxco
tierno	(adj.)	xóó
tierno	(adj.)	xóvii
tierra	(nf.)	maí
tierra	(nf.)	nutú
tiesto	(nm.)	túnxon
tigre	(nm.)	hinó
timonear	(vt.)	chíviiquín
tinaja	(nf.)	shómo
tingotero	(nm.)	contísh
tinta	(nf.)	pócotí
tintado	(adj.)	vásha-vasháh ni
tirar	(vt.)	cánuquín
tirar	(vt.)	-táxquin
tirar	(vt.)	mataxquin
tirar	(vt.)	vupúzquin
tobillo	(nm.).	jopóxco
tobillo	(nm.).	jotóroz
perezoso	(adj.)	yonotíma
perezoso	(nm.)	náhin
perezoso	(nm.)	pózun
tocón	(nm.)	pácaróca
todavía	(adv.)	hácaamá
todo	(adj.)	quíyoo
tomar	(vt.)	háyaquín
topa	(nf.)	móxoo
topa	(nf.)	vínsho
topo	(nm.)	náhpo
torcer	(vt.)	cháztonquín
torcer	(vt.)	máya quín
torcer	(vt.)	vúquiquín
torcido	(adj.)	cházton
torcido	(adj.)	vuquiyá
torcido	(adj.)	yómiriyá
tortuga	(nf.)	xaú
toser	(vi.)	hócohí
tos	(nf.)	hóco
tostar	(vt.)	hóviquín
tostar	(vt.)	tóvanquín
trabajar	(vi.)	yónohí
traer	(vt.)	vúquin
trampa	(nf.)	mávan
trasladarse	(vi.)	máhí
travesaño	(nm.)	túúti
tres	(adj.)	quimishá
triste	(adj.)	paxnátrompetero
triste	(adj.)	psophia leucoptera
	(nm.)	ruyá
tronar	(vi.)	cánaa-paíshqui
tronco	(nm.)	yóra
tropezar	(vi.)	jotízquin
trozo	(nm.)	túcuu
trueno	(nm.)	cánaa
trueno	(nm.)	nairínhca
tú	(pn.)	min
tú	(pn.)	míya
tubérculo	(nm.)	pótzi
tubérculo	(nm.)	zíyo
tucán, ramphastos cuvieri	(nm.)	háá-xócu
tumbar	(vt.)	cámaquín
tumbar	(vt.)	píruuquín
tumbar	(vt.)	póxuquín
tumbar	(vt.)	ríraquín
turbio	(adj.)	jóroz
tusa	(nf.)	júxco
tuyo	(pn.)	miná
úlcera	(nf.)	vará
último	(adj.)	jáztii
último	(adj.)	-stii
un	(adj.)	tíí
un	(adj.)	-stii
unchala, aramides cajanea	(nf.)	táco
unico	(adj.)	jáztii
unico	(adj.)	-stii
unir	(vt.)	rúchiquín
unir	(vt.)	tópiquín
uña	(nf.)	jontzíz
uña	(nf.)	muntzíz
usar	(vt.)	háqui
usar	(vt.)	tónhinquín
usted	(pn.)	mín
ustedes	(pn.)	mán
ustedes	(pn.)	máto
útero	(nm.)	vácu-nántiuvilla
útero	(nm.)	pouroumea substrigosa
	(nf.)	xáncóvin
vaciar	(vt.)	jócaquín
vacío	(adj.)	xávan
vagina	(nf.)	chispí
váguido o vahído	(adj.)	vútzanví hi
vainilla	(nf.)	capí
valiente	(adj.)	cúrux-yóvaa
valle	(nm.)	mai-cúnpo
vampiro	(nm.)	cashí
vapor	(nm.)	cóhin
varadero	(nm.)	cápacúúti
varadero	(nm.)	cáshii táti
varoncito	(nm.)	jóni-vácu
vello púbico	(nm.)	xaní
vena	(nf.)	ponó
vena	(nf.)	púhi-táco
venado	(nm.)	chaxó
vencejos	(nm.)	chóno
vendar	(vt.)	vuvúquin
vender	(vt.)	mároquín
veneno	(nm.)	rahóó
venenoso	(adj.)	páhuyaa
vengarse	(vi.)	copííquin
venir	(vi.)	jóhi
venir	(vi.)	jóvanhí
venir	(vi.)	shínanvúhqui
venir	(vi.)	vúhi
ventilar	(vt.)	púún-púúnquin
ver	(vi.)	hiinhí
verdad	(nf.)	cóón
verdaderamente	(adv.)	-rócon
verde	(adj.)	macó
verde	(adj.)	mápax
verde	(adj.)	xóó
verde	(adj.)	xóvii
vergüenza, tener	(vi.)	ránoohí
vergüenza, tener	(vi.)	rávinhí
vértebra	(nf.)	cátu-xáo
verruga	(nf.)	tóxpi
vestido	(nm.)	zayá
vestirse	(vi.)	zaúhqui
víbora	(nf.)	ronó
viejo	(adj.)	xuní
viento	(nm.)	níyu
viento	(nm.)	róva
vientre	(nm.)	chinxantó
vientre	(nm.)	xánquin
viga	(nf.)	híshratánti
viga	(nf.)	túúti
virutas	(nf.)	xótoo
visitar	(vi.)	jízihí
vivir	(vi.)	jáhi
vivo	(adj.)	jiriyá
vivo	(adj.)	vúraa
volcar	(vt.)	táramúquin
voltear	(vt.)	rávuquín
voltear	(vt.)	táran quín
voltear	(vt.)	vúhonquín
vomitar	(vt.)	jánanquín
vomitar	(vt.)	chixó quin
voz alta	(adv.)	múcumáhaz
y	(conj.)	-ya
ya	(adv.)	canón
ya	(adv.)	móha
yacu pato, heliornis fulica	(nm.)	júnu-pónpon
yarina	(nf.)	jupú
yema de huevo	(nf.)	mánshin
yo	(pn.)	hún
yuca	(nf.)	hátza
yucal	(nm.)	hátza-vái
yungururo	(nm.)	comá
zancudo	(nm.)	víí
zapallo	(nm.)	váran
zapote	(nm.)	júchivín
zarigüeya	(nf.)	máxoo
zorro	(nm.)	hínshan
zorzal, turdus ignobilis	(nm.)	cóxcaa
zumo	(nm.)	vúpon
